campus,building,floor,location,location_number,space_type,last_people_traffic,last_inspection_score,prev_people_traffic,prev_inspection_score,time_between_cleaning,people_traffic_diff
Compass HQ,2300 (CC1),1st Floor,100 WELLNESS CENTER,LOC0073819,Medical/Wellness,8,77,4,78,24,4
Compass HQ,2300 (CC1),1st Floor,1008B TR TRAINING ROOM,LOC0073820,Conference Room,10,86,5,93,4,5
Compass HQ,2300 (CC1),1st Floor,108A TRAINING ROOM,LOC0073807,Conference Room,6,88,9,85,4,-3
Compass HQ,2300 (CC1),1st Floor,150 HARDWARE TRANISITON,LOC0073808,Lab,9,84,2,99,24,7
Compass HQ,2300 (CC1),1st Floor,150 STORAGE,LOC0073816,Storage,26,77,29,72,24,-3
Compass HQ,2300 (CC1),1st Floor,1501 OPEN OFFICE,LOC0073818,Office Area,27,77,18,81,24,9
Compass HQ,2300 (CC1),1st Floor,1502-1517 OFFICE SPACE,LOC0073805,Office Area,13,91,8,83,24,5
Compass HQ,2300 (CC1),1st Floor,152 OFFICE,LOC0073801,Office,3,96,4,98,24,-1
Compass HQ,2300 (CC1),1st Floor,153 OFFICE,LOC0073815,Office,1,97,5,93,24,-4
Compass HQ,2300 (CC1),1st Floor,154 OFFICE,LOC0073802,Office,3,95,4,98,24,-1
Compass HQ,2300 (CC1),1st Floor,155 OFFICE,LOC0073822,Office,2,86,5,89,24,-3
Compass HQ,2300 (CC1),1st Floor,1550-1557 OFFICE SPACE,LOC0073809,Office Area,3,94,13,80,24,-10
Compass HQ,2300 (CC1),1st Floor,1558-1574 OFFICE SPACE,LOC0073821,Office Area,19,93,13,98,24,6
Compass HQ,2300 (CC1),1st Floor,156 OFFICE,LOC0073811,Office,5,94,1,95,24,4
Compass HQ,2300 (CC1),1st Floor,157 OFFICE,LOC0073823,Office,1,87,3,96,24,-2
Compass HQ,2300 (CC1),1st Floor,1ST FLR MEN'S RESTROOM,LOC0078478,Restroom,16,79,23,95,24,-7
Compass HQ,2300 (CC1),1st Floor,1st FLR WOMEN'S RESTROOM,LOC0078479,Restroom,70,95,16,88,24,54
Compass HQ,2300 (CC1),1st Floor,ELEVATOR 1,LOC0073812,Elevator,6,92,5,95,4,1
Compass HQ,2300 (CC1),1st Floor,ELEVATOR 2,LOC0073824,Elevator,3,90,5,91,4,-2
Compass HQ,2300 (CC1),1st Floor,ELEVATOR 3,LOC0073813,Elevator,3,97,5,96,4,-2
Compass HQ,2300 (CC1),1st Floor,ELEVATOR 4,LOC0073825,Elevator,4,97,4,91,4,0
Compass HQ,2300 (CC1),1st Floor,FILING CABINETS,LOC0073810,General,30,98,18,96,24,12
Compass HQ,2300 (CC1),1st Floor,FITNESS CENTER,LOC0073803,Gym/Workout,5,77,4,74,24,1
Compass HQ,2300 (CC1),1st Floor,FITNESS CENTER MEN'S LOCKER ROOM,LOC0078472,Restroom,28,100,71,96,24,-43
Compass HQ,2300 (CC1),1st Floor,FITNESS CENTER WOMEN'S LOCKER ROOM,LOC0078477,Restroom,71,83,7,78,24,64
Compass HQ,2300 (CC1),1st Floor,FREIGHT ELEVATOR LOBBY,LOC0073817,Lobby,17,73,25,80,24,-8
Compass HQ,2300 (CC1),1st Floor,MAIN LOBBY,LOC0073806,Lobby,27,95,6,81,24,21
Compass HQ,2300 (CC1),1st Floor,S1 STAIR 1,LOC0073804,Stairway,8,90,24,95,24,-16
Compass HQ,2300 (CC1),1st Floor,S2 STAIR 2,LOC0073814,Stairway,28,85,15,97,24,13
Compass HQ,2300 (CC1),2nd Floor,200 OFFICE,LOC0073834,Office,2,95,3,94,24,-1
Compass HQ,2300 (CC1),2nd Floor,201 HUDDLE ROOM,LOC0073847,Small Conf/Phone/Collab/Enclave,2,78,4,73,8,-2
Compass HQ,2300 (CC1),2nd Floor,202 OFFICE,LOC0073835,Office,1,89,4,85,24,-3
Compass HQ,2300 (CC1),2nd Floor,203 OFFICE,LOC0073848,Office,1,86,3,92,24,-2
Compass HQ,2300 (CC1),2nd Floor,206 STORAGE/DATA ROOM,LOC0073833,Electrical/Voice/Data Room,29,83,24,94,24,5
Compass HQ,2300 (CC1),2nd Floor,207 OFFICE,LOC0073849,Office,5,93,1,97,24,4
Compass HQ,2300 (CC1),2nd Floor,2101-2117 OPEN OFFICE,LOC0073830,Office Area,14,95,28,91,24,-14
Compass HQ,2300 (CC1),2nd Floor,2118-2127 OPEN OFFICE,LOC0073842,Office Area,2,86,17,89,24,-15
Compass HQ,2300 (CC1),2nd Floor,240 DATA CENTER (RESTRICTED AREA),LOC0073841,Electrical/Voice/Data Room,29,95,1,83,24,28
Compass HQ,2300 (CC1),2nd Floor,2400-2412 OPEN OFFICE,LOC0073840,Office Area,2,81,11,79,24,-9
Compass HQ,2300 (CC1),2nd Floor,2ND FLR COLLABORATION AREA,LOC0073843,Office Area,7,90,14,90,24,-7
Compass HQ,2300 (CC1),2nd Floor,2ND FLR ELECTRICAL ROOM,LOC0073831,Electrical/Voice/Data Room,10,81,2,73,24,8
Compass HQ,2300 (CC1),2nd Floor,2ND FLR ELEVATOR LOBBY,LOC0073845,Lobby,18,99,3,89,24,15
Compass HQ,2300 (CC1),2nd Floor,2ND FLR JANITOR'S CLOSET,LOC0073837,Janitor Room,18,94,27,85,24,-9
Compass HQ,2300 (CC1),2nd Floor,2ND FLR MEN'S RESTROOM,LOC0073827,Restroom,11,77,60,75,24,-49
Compass HQ,2300 (CC1),2nd Floor,2ND FLR RESTROOM VESTIBULE,LOC0073829,General,2,86,24,75,24,-22
Compass HQ,2300 (CC1),2nd Floor,2ND FLR WOMEN'S RESTROOM,LOC0073838,Restroom,24,75,31,84,24,-7
Compass HQ,2300 (CC1),2nd Floor,BREAK AREA,LOC0073836,Cafeteria/Breakroom,8,82,12,85,24,-4
Compass HQ,2300 (CC1),2nd Floor,ELEVATOR 1,LOC0073828,Elevator,3,99,6,97,4,-3
Compass HQ,2300 (CC1),2nd Floor,ELEVATOR 2,LOC0073839,Elevator,1,96,5,88,4,-4
Compass HQ,2300 (CC1),2nd Floor,ELEVATOR 3,LOC0073832,Elevator,4,95,5,92,4,-1
Compass HQ,2300 (CC1),2nd Floor,ELEVATOR 4,LOC0073844,Elevator,1,95,4,94,4,-3
Compass HQ,2300 (CC1),2nd Floor,FREIGHT ELEVATOR LOBBY,LOC0073846,Lobby,11,84,27,84,24,-16
Compass HQ,2300 (CC1),2nd Floor,S1 STAIR 1,LOC0073850,Stairway,30,83,7,90,24,23
Compass HQ,2300 (CC1),2nd Floor,S2 STAIR 2,LOC0073826,Stairway,12,87,28,90,24,-16
Compass HQ,2300 (CC1),3rd Floor,300 ELEVATOR LOBBY,LOC0073853,Lobby,9,74,24,90,24,-15
Compass HQ,2300 (CC1),3rd Floor,3001-3028 OPEN OFFICE,LOC0073916,Office Area,29,86,16,82,24,13
Compass HQ,2300 (CC1),3rd Floor,301 MOTHER'S ROOM/QUIET ROOM,LOC0073915,Mother's Room/Quiet Room,30,96,6,81,24,24
Compass HQ,2300 (CC1),3rd Floor,302 BREAKROOM/FILING NICHE,LOC0073882,Cafeteria/Breakroom,19,91,18,95,24,1
Compass HQ,2300 (CC1),3rd Floor,3029-3126 OPEN OFFICE,LOC0073851,Office Area,19,95,29,79,24,-10
Compass HQ,2300 (CC1),3rd Floor,303 CHECK PRINTER,LOC0073864,Printer/Copier Area,9,95,29,87,24,-20
Compass HQ,2300 (CC1),3rd Floor,3036-3129 OPEN OFFICE,LOC0073897,Office Area,25,79,26,100,24,-1
Compass HQ,2300 (CC1),3rd Floor,3037-3064 OPEN OFFICE,LOC0073873,Office Area,4,99,8,99,24,-4
Compass HQ,2300 (CC1),3rd Floor,304 PRINTER/COPIER,LOC0073862,Printer/Copier Area,27,92,7,93,24,20
Compass HQ,2300 (CC1),3rd Floor,305 CORP PAYROLL,LOC0073896,Office,1,95,4,93,24,-3
Compass HQ,2300 (CC1),3rd Floor,306 OFFICE,LOC0073866,Office,4,94,4,89,24,0
Compass HQ,2300 (CC1),3rd Floor,3065-3070 OPEN OFFICE,LOC0073890,Office Area,26,96,7,98,24,19
Compass HQ,2300 (CC1),3rd Floor,307 OFFICE,LOC0073898,Office,1,91,5,97,24,-4
Compass HQ,2300 (CC1),3rd Floor,3071-3081 OPEN OFFICE,LOC0073876,Office Area,18,77,23,86,24,-5
Compass HQ,2300 (CC1),3rd Floor,308 OFFICE,LOC0073892,Office,4,93,1,87,24,3
Compass HQ,2300 (CC1),3rd Floor,3082-3093 OPEN OFFICE,LOC0073906,Office Area,29,84,28,76,24,1
Compass HQ,2300 (CC1),3rd Floor,309 OFFICE,LOC0073910,Office,2,92,2,88,24,0
Compass HQ,2300 (CC1),3rd Floor,3094-3105 OPEN OFFICE,LOC0073870,Office Area,21,87,4,75,24,17
Compass HQ,2300 (CC1),3rd Floor,3-1 - 3-4 OPEN OFFICE,LOC0073856,Office Area,28,88,7,75,24,21
Compass HQ,2300 (CC1),3rd Floor,310 OFFICE,LOC0073883,Office,1,90,5,95,24,-4
Compass HQ,2300 (CC1),3rd Floor,3106-3116 OPEN OFFICE,LOC0073887,Office Area,3,98,26,79,24,-23
Compass HQ,2300 (CC1),3rd Floor,311 OFFICE,LOC0073914,Office,3,97,3,97,24,0
Compass HQ,2300 (CC1),3rd Floor,3-11 OPEN OFFICE,LOC0073854,Office Area,29,75,13,89,24,16
Compass HQ,2300 (CC1),3rd Floor,3117-3122 OPEN OFFICE,LOC0073868,Office Area,3,93,13,87,24,-10
Compass HQ,2300 (CC1),3rd Floor,312 OFFICE,LOC0073881,Office,3,88,5,85,24,-2
Compass HQ,2300 (CC1),3rd Floor,313 OFFICE,LOC0073858,Office,1,86,3,95,24,-2
Compass HQ,2300 (CC1),3rd Floor,314 OFFICE,LOC0073859,Office,4,96,3,94,24,1
Compass HQ,2300 (CC1),3rd Floor,315 OFFICE,LOC0073891,Office,3,92,2,88,24,1
Compass HQ,2300 (CC1),3rd Floor,316 OFFICE,LOC0073855,Office,4,85,1,86,24,3
Compass HQ,2300 (CC1),3rd Floor,3-16 OPEN OFFICE,LOC0073902,Office Area,11,91,13,93,24,-2
Compass HQ,2300 (CC1),3rd Floor,3-17 - 3-18 OPEN OFFICE,LOC0073911,Office Area,10,75,23,87,24,-13
Compass HQ,2300 (CC1),3rd Floor,317 OFFICE,LOC0073886,Office,4,88,3,91,24,1
Compass HQ,2300 (CC1),3rd Floor,318 OFFICE,LOC0073903,Office,4,85,2,98,24,2
Compass HQ,2300 (CC1),3rd Floor,319 OFFICE,LOC0073871,Office,3,87,4,86,24,-1
Compass HQ,2300 (CC1),3rd Floor,320 PHONE,LOC0073884,Small Conf/Phone/Collab/Enclave,2,68,4,94,8,-2
Compass HQ,2300 (CC1),3rd Floor,321 PRINT/COPIER AREA,LOC0073872,Printer/Copier Area,26,74,11,72,24,15
Compass HQ,2300 (CC1),3rd Floor,322 IT CLOSET,LOC0073905,Electrical/Voice/Data Room,2,95,13,76,24,-11
Compass HQ,2300 (CC1),3rd Floor,323 BREAKROOM,LOC0073907,Cafeteria/Breakroom,17,95,14,89,24,3
Compass HQ,2300 (CC1),3rd Floor,324 CORRIDOR,LOC0073861,Hallway,19,85,16,75,24,3
Compass HQ,2300 (CC1),3rd Floor,327 CORRIDOR,LOC0073904,Hallway,11,89,28,82,24,-17
Compass HQ,2300 (CC1),3rd Floor,329 HUDDLE ROOM,LOC0073879,Small Conf/Phone/Collab/Enclave,4,83,4,94,8,0
Compass HQ,2300 (CC1),3rd Floor,332 COMMON AREA,LOC0073878,Common Area,20,87,23,74,24,-3
Compass HQ,2300 (CC1),3rd Floor,333 CORRIDOR,LOC0073889,Hallway,15,81,11,83,24,4
Compass HQ,2300 (CC1),3rd Floor,337 HUDDLE ROOM,LOC0073895,Small Conf/Phone/Collab/Enclave,1,88,4,90,8,-3
Compass HQ,2300 (CC1),3rd Floor,338 CORRIDOR,LOC0073900,Hallway,27,88,7,98,24,20
Compass HQ,2300 (CC1),3rd Floor,341 CONFERENCE ROOM,LOC0073899,Conference Room,5,96,1,94,4,4
Compass HQ,2300 (CC1),3rd Floor,342 OFFICE,LOC0073913,Office,3,95,1,100,24,2
Compass HQ,2300 (CC1),3rd Floor,343 OFFICE,LOC0073880,Office,2,97,5,85,24,-3
Compass HQ,2300 (CC1),3rd Floor,344 OFFICE,LOC0073912,Office,3,98,1,86,24,2
Compass HQ,2300 (CC1),3rd Floor,345 OFFICE,LOC0073877,Office,5,100,2,90,24,3
Compass HQ,2300 (CC1),3rd Floor,346 CORRIDOR,LOC0073867,Hallway,8,73,1,81,24,7
Compass HQ,2300 (CC1),3rd Floor,347 OFFICE,LOC0073874,Office,3,86,5,92,24,-2
Compass HQ,2300 (CC1),3rd Floor,348 OFFICE,LOC0073908,Office,3,96,5,97,24,-2
Compass HQ,2300 (CC1),3rd Floor,349 OFFICE,LOC0073875,Office,4,91,2,89,24,2
Compass HQ,2300 (CC1),3rd Floor,350 OFFICE,LOC0073909,Office,2,92,4,98,24,-2
Compass HQ,2300 (CC1),3rd Floor,545A VESTIBULE,LOC0073918,General,10,82,24,75,24,-14
Compass HQ,2300 (CC1),3rd Floor,549 JANITOR CLOSET,LOC0073863,Janitor Room,4,96,13,91,24,-9
Compass HQ,2300 (CC1),3rd Floor,AVENUE C,LOC0073869,Vending/Ave C,15,99,23,79,24,-8
Compass HQ,2300 (CC1),3rd Floor,E302 ELECTRICAL ROOM,LOC0073888,Electrical/Voice/Data Room,20,90,11,91,24,9
Compass HQ,2300 (CC1),3rd Floor,E303 WOMEN'S RESTROOM,LOC0073865,Restroom,39,89,83,90,24,-44
Compass HQ,2300 (CC1),3rd Floor,E304 MEN'S RESTROOM,LOC0073894,Restroom,89,85,91,98,24,-2
Compass HQ,2300 (CC1),3rd Floor,ELEVATOR 1,LOC0073893,Elevator,1,91,1,90,4,0
Compass HQ,2300 (CC1),3rd Floor,ELEVATOR 2,LOC0073860,Elevator,2,96,5,95,4,-3
Compass HQ,2300 (CC1),3rd Floor,ELEVATOR 3,LOC0073852,Elevator,1,97,2,100,4,-1
Compass HQ,2300 (CC1),3rd Floor,ELEVATOR 4,LOC0073885,Elevator,2,89,1,100,4,1
Compass HQ,2300 (CC1),3rd Floor,FREIGHT ELEVATOR LOBBY,LOC0073857,Lobby,21,97,2,90,24,19
Compass HQ,2300 (CC1),3rd Floor,S1 STAIR 1,LOC0073901,Stairway,25,93,17,73,24,8
Compass HQ,2300 (CC1),3rd Floor,S2 STAIR 2,LOC0073917,Stairway,13,100,6,100,24,7
Compass HQ,2300 (CC1),4th Floor,4 S3 STAIR 3,LOC0073928,Stairway,24,91,30,90,24,-6
Compass HQ,2300 (CC1),4th Floor,400 ELEVATOR LOBBY,LOC0073938,Lobby,29,76,12,99,24,17
Compass HQ,2300 (CC1),4th Floor,4001-4028 OPEN OFFICE,LOC0073953,Office Area,2,81,19,89,24,-17
Compass HQ,2300 (CC1),4th Floor,401A JANITOR CLOSET,LOC0073966,Janitor Room,26,78,10,73,24,16
Compass HQ,2300 (CC1),4th Floor,401B WELLNESS,LOC0073982,Medical/Wellness,18,99,4,74,24,14
Compass HQ,2300 (CC1),4th Floor,402 COFFEE BAR,LOC0073932,Cafeteria/Breakroom,10,82,8,84,24,2
Compass HQ,2300 (CC1),4th Floor,4029-4034 OPEN OFFICE,LOC0073980,Office Area,22,84,6,100,24,16
Compass HQ,2300 (CC1),4th Floor,403 PHONE,LOC0073961,Small Conf/Phone/Collab/Enclave,1,96,4,76,8,-3
Compass HQ,2300 (CC1),4th Floor,4035-4036 / 4117-4120 OPEN OFFICE,LOC0073927,Office Area,28,78,19,98,24,9
Compass HQ,2300 (CC1),4th Floor,4037-4064 OPEN OFFICE,LOC0073960,Office Area,15,84,2,75,24,13
Compass HQ,2300 (CC1),4th Floor,404 PRINTER/COPIER AREA,LOC0073920,Printer/Copier Area,8,73,27,75,24,-19
Compass HQ,2300 (CC1),4th Floor,405 STORAGE,LOC0073955,Storage,9,75,25,83,24,-16
Compass HQ,2300 (CC1),4th Floor,406 OFFICE,LOC0073923,Office,1,94,2,87,24,-1
Compass HQ,2300 (CC1),4th Floor,4065-4070 OPEN OFFICE,LOC0073922,Office Area,5,87,3,91,24,2
Compass HQ,2300 (CC1),4th Floor,407 OFFICE,LOC0073957,Office,1,99,3,90,24,-2
Compass HQ,2300 (CC1),4th Floor,4073-4089 OPEN OFFICE,LOC0073978,Office Area,29,80,15,76,24,14
Compass HQ,2300 (CC1),4th Floor,408 OFFICE,LOC0073925,Office,1,92,5,92,24,-4
Compass HQ,2300 (CC1),4th Floor,409 OFFICE,LOC0073944,Office,1,97,1,86,24,0
Compass HQ,2300 (CC1),4th Floor,4-1 - 4-4 OPEN OFFICE,LOC0073954,Office Area,29,86,19,83,24,10
Compass HQ,2300 (CC1),4th Floor,410 OFFICE,LOC0073962,Office,3,98,4,88,24,-1
Compass HQ,2300 (CC1),4th Floor,4106-4116 OPEN OFFICE,LOC0073946,Office Area,1,97,30,90,24,-29
Compass HQ,2300 (CC1),4th Floor,411 OFFICE,LOC0073921,Office,3,91,1,91,24,2
Compass HQ,2300 (CC1),4th Floor,412 OFFICE,LOC0073983,Office,5,89,2,97,24,3
Compass HQ,2300 (CC1),4th Floor,4-13 - 4-18 OPEN OFFICE,LOC0073947,Office Area,2,87,6,99,24,-4
Compass HQ,2300 (CC1),4th Floor,413 CONFERENCE ROOM,LOC0073950,Conference Room,10,86,10,97,4,0
Compass HQ,2300 (CC1),4th Floor,414 CONFERENCE ROOM,LOC0073952,Conference Room,7,91,1,89,4,6
Compass HQ,2300 (CC1),4th Floor,415 CONFERENCE ROOM,LOC0073981,Conference Room,1,85,9,95,4,-8
Compass HQ,2300 (CC1),4th Floor,415A CORRIDOR,LOC0073926,Hallway,8,90,24,96,24,-16
Compass HQ,2300 (CC1),4th Floor,416 AVENUE C,LOC0073984,Vending/Ave C,23,84,6,98,24,17
Compass HQ,2300 (CC1),4th Floor,417 CONFERENCE ROOM,LOC0073959,Conference Room,10,87,9,85,4,1
Compass HQ,2300 (CC1),4th Floor,418 CONFERENCE ROOM,LOC0073942,Conference Room,3,88,10,96,4,-7
Compass HQ,2300 (CC1),4th Floor,419 OFFICE,LOC0073930,Office,1,100,3,88,24,-2
Compass HQ,2300 (CC1),4th Floor,420 OFFICE,LOC0073958,Office,2,87,4,87,24,-2
Compass HQ,2300 (CC1),4th Floor,421 OFFICE,LOC0073949,Office,2,99,4,90,24,-2
Compass HQ,2300 (CC1),4th Floor,422 IT CLOSET,LOC0073924,Electrical/Voice/Data Room,15,87,26,90,24,-11
Compass HQ,2300 (CC1),4th Floor,423 BREAK AREA,LOC0073969,Cafeteria/Breakroom,7,80,23,91,24,-16
Compass HQ,2300 (CC1),4th Floor,423A RECEIVING/STORAGE,LOC0073943,Storage,2,74,29,73,24,-27
Compass HQ,2300 (CC1),4th Floor,424 OFFICE,LOC0073976,Office,4,91,1,98,24,3
Compass HQ,2300 (CC1),4th Floor,425 OFFICE,LOC0073941,Office,5,87,2,97,24,3
Compass HQ,2300 (CC1),4th Floor,426 OFFICE,LOC0073975,Office,5,93,1,88,24,4
Compass HQ,2300 (CC1),4th Floor,427 CORRIDOR,LOC0073964,Hallway,12,93,5,86,24,7
Compass HQ,2300 (CC1),4th Floor,427 CORRIDOR,LOC0073985,Hallway,1,79,10,95,24,-9
Compass HQ,2300 (CC1),4th Floor,427 PRINT/COPY,LOC0073956,Printer/Copier Area,21,83,28,98,24,-7
Compass HQ,2300 (CC1),4th Floor,429 HUDDLE ROOM,LOC0073919,Conference Room,1,95,2,98,4,-1
Compass HQ,2300 (CC1),4th Floor,437 OFFICE,LOC0073979,Office,1,87,5,91,24,-4
Compass HQ,2300 (CC1),4th Floor,438 CORRIDOR,LOC0073937,Hallway,8,82,9,93,24,-1
Compass HQ,2300 (CC1),4th Floor,442 OFFICE,LOC0073968,Office,5,90,3,85,24,2
Compass HQ,2300 (CC1),4th Floor,443 OFFICE,LOC0073933,Office,3,87,5,89,24,-2
Compass HQ,2300 (CC1),4th Floor,444 OFFICE,LOC0073967,Office,2,94,1,89,24,1
Compass HQ,2300 (CC1),4th Floor,445A HUDDLE ROOM,LOC0073939,Small Conf/Phone/Collab/Enclave,2,89,2,79,8,0
Compass HQ,2300 (CC1),4th Floor,445B HUDDLE ROOM,LOC0073972,Small Conf/Phone/Collab/Enclave,1,81,4,98,8,-3
Compass HQ,2300 (CC1),4th Floor,445C VESTIBULE,LOC0073929,General,2,82,3,85,24,-1
Compass HQ,2300 (CC1),4th Floor,446 OFFICE,LOC0073970,Office,4,96,3,90,24,1
Compass HQ,2300 (CC1),4th Floor,447 OFFICE,LOC0073935,Office,1,96,1,89,24,0
Compass HQ,2300 (CC1),4th Floor,448 OFFICE,LOC0073948,Office,1,89,1,86,24,0
Compass HQ,2300 (CC1),4th Floor,4-7 - 4-12 OPEN OFFICE,LOC0073945,Office Area,18,78,22,95,24,-4
Compass HQ,2300 (CC1),4th Floor,E401 FREIGHT ELEVATOR LOBBY,LOC0073971,Lobby,22,78,17,92,24,5
Compass HQ,2300 (CC1),4th Floor,E402 ELECTRICAL ROOM,LOC0073936,Electrical/Voice/Data Room,15,82,25,86,24,-10
Compass HQ,2300 (CC1),4th Floor,E403 WOMEN'S RESTROOM,LOC0073931,Restroom,39,82,71,78,24,-32
Compass HQ,2300 (CC1),4th Floor,E404 MEN'S RESTROOM,LOC0073965,Restroom,70,85,81,88,24,-11
Compass HQ,2300 (CC1),4th Floor,ELEVATOR 1,LOC0073934,Elevator,3,100,1,91,4,2
Compass HQ,2300 (CC1),4th Floor,ELEVATOR 2,LOC0073963,Elevator,1,98,1,99,4,0
Compass HQ,2300 (CC1),4th Floor,ELEVATOR 3,LOC0073974,Elevator,2,93,3,89,4,-1
Compass HQ,2300 (CC1),4th Floor,ELEVATOR 4,LOC0073973,Elevator,4,92,6,99,4,-2
Compass HQ,2300 (CC1),4th Floor,S1 STAIR 1,LOC0073977,Stairway,14,94,18,90,24,-4
Compass HQ,2300 (CC1),4th Floor,S2 STAIR 2,LOC0073951,Stairway,5,79,26,83,24,-21
Compass HQ,2300 (CC1),4th Floor,VOID 1,LOC0073940,Empty Space/Non-usable,27,96,1,86,24,26
Compass HQ,2300 (CC1),5th Floor,5 S1 STAIR 1,LOC0074052,Stairway,24,81,13,92,24,11
Compass HQ,2300 (CC1),5th Floor,5 S2 STAIR 2,LOC0074041,Stairway,21,79,2,97,24,19
Compass HQ,2300 (CC1),5th Floor,5 S3 STAIR 3,LOC0074016,Stairway,7,99,24,85,24,-17
Compass HQ,2300 (CC1),5th Floor,500 ELEVATOR LOBBY,LOC0074049,Lobby,30,92,19,85,24,11
Compass HQ,2300 (CC1),5th Floor,5001-5028 OPEN OFFICE,LOC0074035,Office Area,30,97,5,92,24,25
Compass HQ,2300 (CC1),5th Floor,501 WORK AREA,LOC0073996,Small Conf/Phone/Collab/Enclave,3,68,4,88,8,-1
Compass HQ,2300 (CC1),5th Floor,502 COFFEE BAR,LOC0074040,Cafeteria/Breakroom,13,79,26,75,24,-13
Compass HQ,2300 (CC1),5th Floor,5029-5123 OPEN OFFICE,LOC0074001,Office Area,11,79,13,91,24,-2
Compass HQ,2300 (CC1),5th Floor,503 TOUCH-DOWN AREA,LOC0074031,Small Conf/Phone/Collab/Enclave,1,84,1,65,8,0
Compass HQ,2300 (CC1),5th Floor,5033-5126 OPEN OFFICE,LOC0074033,Office Area,5,100,14,80,24,-9
Compass HQ,2300 (CC1),5th Floor,5037-5064 OPEN OFFICE,LOC0073999,Office Area,25,96,15,80,24,10
Compass HQ,2300 (CC1),5th Floor,504 PRINT/COPY AREA,LOC0073998,Printer/Copier Area,15,96,18,89,24,-3
Compass HQ,2300 (CC1),5th Floor,505 PHONE,LOC0074004,Small Conf/Phone/Collab/Enclave,4,73,1,99,8,3
Compass HQ,2300 (CC1),5th Floor,506 OFFICE,LOC0074025,Office,4,88,1,85,24,3
Compass HQ,2300 (CC1),5th Floor,5065-5070 OPEN OFFICE,LOC0073991,Office Area,23,96,25,80,24,-2
Compass HQ,2300 (CC1),5th Floor,507 OFFICE,LOC0074039,Office,3,98,5,95,24,-2
Compass HQ,2300 (CC1),5th Floor,5071-5081 OPEN OFFICE,LOC0074027,Office,4,91,5,92,24,-1
Compass HQ,2300 (CC1),5th Floor,508 OFFICE,LOC0074005,Office,2,89,5,97,24,-3
Compass HQ,2300 (CC1),5th Floor,5082-5093 OPEN  OFFICE,LOC0074029,Office Area,7,100,18,95,24,-11
Compass HQ,2300 (CC1),5th Floor,509 OFFICE,LOC0074038,Office,3,92,5,87,24,-2
Compass HQ,2300 (CC1),5th Floor,5094-5105 OPEN OFFICE,LOC0074024,Office Area,1,98,18,100,24,-17
Compass HQ,2300 (CC1),5th Floor,5-1  -  5-6 OPEN OFFICE,LOC0073995,Office Area,3,80,11,80,24,-8
Compass HQ,2300 (CC1),5th Floor,510 OFFICE,LOC0074034,Office,5,97,2,94,24,3
Compass HQ,2300 (CC1),5th Floor,5106-5116 OPEN OFFICE,LOC0073988,Office Area,6,91,24,99,24,-18
Compass HQ,2300 (CC1),5th Floor,511 OFFICE,LOC0074002,Office,3,85,2,89,24,1
Compass HQ,2300 (CC1),5th Floor,5117-5122 OPEN OFFICE,LOC0074021,Office Area,6,77,14,77,24,-8
Compass HQ,2300 (CC1),5th Floor,512 OFFICE,LOC0074036,Office,4,100,2,94,24,2
Compass HQ,2300 (CC1),5th Floor,5-13  -  5-16 OPEN OFFICE,LOC0074022,Office Area,10,82,24,92,24,-14
Compass HQ,2300 (CC1),5th Floor,513 OFFICE,LOC0074043,Office,4,97,1,91,24,3
Compass HQ,2300 (CC1),5th Floor,514 OFFICE,LOC0073990,Office,5,94,2,98,24,3
Compass HQ,2300 (CC1),5th Floor,515 OFFICE,LOC0074008,Office,1,91,1,97,24,0
Compass HQ,2300 (CC1),5th Floor,516 OFFICE,LOC0074009,Office,3,95,5,94,24,-2
Compass HQ,2300 (CC1),5th Floor,517 OFFICE,LOC0074042,Office,5,88,5,95,24,0
Compass HQ,2300 (CC1),5th Floor,518 OFFICE,LOC0074017,Office,1,91,2,95,24,-1
Compass HQ,2300 (CC1),5th Floor,5-19  -  5-24 OPEN OFFICE,LOC0073989,Office Area,13,100,1,91,24,12
Compass HQ,2300 (CC1),5th Floor,519 OFFICE,LOC0074054,Office,5,95,5,93,24,0
Compass HQ,2300 (CC1),5th Floor,520 PHONE ROOM,LOC0074013,Small Conf/Phone/Collab/Enclave,3,66,2,94,8,1
Compass HQ,2300 (CC1),5th Floor,521 HUDDLE,LOC0074047,Small Conf/Phone/Collab/Enclave,2,74,2,99,8,0
Compass HQ,2300 (CC1),5th Floor,522 IT CLOSET,LOC0074018,Electrical/Voice/Data Room,12,76,19,94,24,-7
Compass HQ,2300 (CC1),5th Floor,523 BREAK AREA,LOC0074020,Cafeteria/Breakroom,20,89,11,88,24,9
Compass HQ,2300 (CC1),5th Floor,527 CORRIDOR,LOC0074000,Hallway,18,99,18,74,24,0
Compass HQ,2300 (CC1),5th Floor,529 HUDDLE ROOM,LOC0074006,Small Conf/Phone/Collab/Enclave,2,92,3,79,8,-1
Compass HQ,2300 (CC1),5th Floor,532 CONCIERGE,LOC0074023,Reception/Security Desk,25,96,26,91,24,-1
Compass HQ,2300 (CC1),5th Floor,533 CORRIDOR,LOC0074012,Hallway,24,77,24,79,24,0
Compass HQ,2300 (CC1),5th Floor,537 HUDDLE ROOM,LOC0074007,Small Conf/Phone/Collab/Enclave,4,77,3,88,8,1
Compass HQ,2300 (CC1),5th Floor,538 CORRIDOR,LOC0074032,Hallway,24,97,10,78,24,14
Compass HQ,2300 (CC1),5th Floor,542 OFFICE,LOC0074048,Office,2,92,1,94,24,1
Compass HQ,2300 (CC1),5th Floor,543 OFFICE,LOC0074050,Office,1,85,5,88,24,-4
Compass HQ,2300 (CC1),5th Floor,544 OFFICE,LOC0074014,Office,4,98,5,95,24,-1
Compass HQ,2300 (CC1),5th Floor,545 CORRIDOR,LOC0073997,Hallway,14,94,7,87,24,7
Compass HQ,2300 (CC1),5th Floor,545A HUDDLE ROOM,LOC0074045,Small Conf/Phone/Collab/Enclave,2,86,1,84,8,1
Compass HQ,2300 (CC1),5th Floor,545A VESTIBULE,LOC0073992,General,26,82,9,100,24,17
Compass HQ,2300 (CC1),5th Floor,545B CONFERENCE ROOM,LOC0074011,Conference Room,10,95,1,98,4,9
Compass HQ,2300 (CC1),5th Floor,546 OFFICE,LOC0074044,Office,4,97,3,100,24,1
Compass HQ,2300 (CC1),5th Floor,547 OFFICE,LOC0074010,Office,2,90,2,100,24,0
Compass HQ,2300 (CC1),5th Floor,548 OFFICE,LOC0074046,Office,5,95,4,100,24,1
Compass HQ,2300 (CC1),5th Floor,549 JANITOR CLOSET,LOC0074028,Janitor Room,25,77,25,87,24,0
Compass HQ,2300 (CC1),5th Floor,5-9  -  5-12 OPEN OFFICE,LOC0073993,Office Area,4,83,4,98,24,0
Compass HQ,2300 (CC1),5th Floor,E501 FREIGHT LOBBY,LOC0074026,Lobby,24,96,21,73,24,3
Compass HQ,2300 (CC1),5th Floor,E502 ELECTRICAL ROOM,LOC0074019,Electrical/Voice/Data Room,5,75,23,91,24,-18
Compass HQ,2300 (CC1),5th Floor,E503 WOMEN'S RESTROOM,LOC0074030,Restroom,96,84,43,88,24,53
Compass HQ,2300 (CC1),5th Floor,E504 MEN'S RESTROOM,LOC0073994,Restroom,15,96,66,98,24,-51
Compass HQ,2300 (CC1),5th Floor,ELEVATOR 1,LOC0074003,Elevator,6,92,5,92,4,1
Compass HQ,2300 (CC1),5th Floor,ELEVATOR 2,LOC0074037,Elevator,3,88,2,98,4,1
Compass HQ,2300 (CC1),5th Floor,ELEVATOR 3,LOC0074015,Elevator,3,89,2,94,4,1
Compass HQ,2300 (CC1),5th Floor,ELEVATOR 4,LOC0074051,Elevator,3,91,2,92,4,1
Compass HQ,2300 (CC1),5th Floor,VOID 2,LOC0074053,Empty Space/Non-usable,11,77,24,72,24,-13
Compass HQ,2300 (CC1),6th Floor,6 FLR COFFEE BAR,LOC0074087,Cafeteria/Breakroom,19,87,28,88,24,-9
Compass HQ,2300 (CC1),6th Floor,6 FREIGHT ELEVATOR LOBBY,LOC0074062,Lobby,16,99,24,86,24,-8
Compass HQ,2300 (CC1),6th Floor,6 S1 STAIR 1,LOC0074090,Stairway,12,74,28,97,24,-16
Compass HQ,2300 (CC1),6th Floor,6 S2 STAIR 2,LOC0074101,Stairway,6,100,4,84,24,2
Compass HQ,2300 (CC1),6th Floor,602 ELECTRICAL ROOM,LOC0074088,Electrical/Voice/Data Room,15,73,4,87,24,11
Compass HQ,2300 (CC1),6th Floor,605 MEN'S RESTROOM,LOC0074096,Restroom,94,95,22,100,24,72
Compass HQ,2300 (CC1),6th Floor,605 WOMEN'S RESTROOM,LOC0074080,Restroom,95,80,100,77,24,-5
Compass HQ,2300 (CC1),6th Floor,607 LAB/STORAGE AREA (LOCKED),LOC0074086,Storage,4,80,13,97,24,-9
Compass HQ,2300 (CC1),6th Floor,608 JANITOR'S CLOSET,LOC0074060,Janitor Room,26,82,6,76,24,20
Compass HQ,2300 (CC1),6th Floor,609 IT CLOSET,LOC0074102,Electrical/Voice/Data Room,20,87,21,80,24,-1
Compass HQ,2300 (CC1),6th Floor,611 COMMUNITY ROOM,LOC0074089,Cafeteria/Breakroom,14,95,13,77,24,1
Compass HQ,2300 (CC1),6th Floor,611A COMMUNITY ROOM,LOC0074057,Lounge/Open Gathering Area,4,85,30,94,24,-26
Compass HQ,2300 (CC1),6th Floor,612 CONFERENCE ROOM,LOC0074061,Small Conf/Phone/Collab/Enclave,2,76,2,77,8,0
Compass HQ,2300 (CC1),6th Floor,613 CONFERENCE ROOM,LOC0074063,Small Conf/Phone/Collab/Enclave,3,70,4,83,8,-1
Compass HQ,2300 (CC1),6th Floor,614 PHONE ROOM,LOC0074071,Small Conf/Phone/Collab/Enclave,4,90,3,77,8,1
Compass HQ,2300 (CC1),6th Floor,615 OFFICE,LOC0074100,Office,4,87,3,96,24,1
Compass HQ,2300 (CC1),6th Floor,616 OFFICE,LOC0074064,Office,5,97,4,100,24,1
Compass HQ,2300 (CC1),6th Floor,617 CONFERENCE ROOM,LOC0074091,Small Conf/Phone/Collab/Enclave,3,82,3,85,8,0
Compass HQ,2300 (CC1),6th Floor,618 OFFICE,LOC0074094,Office,4,92,2,89,24,2
Compass HQ,2300 (CC1),6th Floor,6180-6199 OPEN OFFICE,LOC0074079,Office Area,13,86,4,79,24,9
Compass HQ,2300 (CC1),6th Floor,619 OFFICE,LOC0074074,Office,1,97,5,100,24,-4
Compass HQ,2300 (CC1),6th Floor,620 PHONE ROOM,LOC0074097,Small Conf/Phone/Collab/Enclave,1,93,1,96,8,0
Compass HQ,2300 (CC1),6th Floor,6200-6230 OPEN OFFICE,LOC0074081,Office Area,9,93,18,91,24,-9
Compass HQ,2300 (CC1),6th Floor,621 HUDDLE ROOM,LOC0074095,Small Conf/Phone/Collab/Enclave,1,69,1,65,8,0
Compass HQ,2300 (CC1),6th Floor,622 OFFICE,LOC0074065,Office,1,89,5,98,24,-4
Compass HQ,2300 (CC1),6th Floor,623 OFFICE,LOC0074093,Office,4,91,2,90,24,2
Compass HQ,2300 (CC1),6th Floor,6232-6261 OPEN OFFICE,LOC0074110,Office Area,1,96,18,93,24,-17
Compass HQ,2300 (CC1),6th Floor,624 PHONE ROOM,LOC0074066,Small Conf/Phone/Collab/Enclave,3,72,3,71,8,0
Compass HQ,2300 (CC1),6th Floor,625 HUDDLE ROOM,LOC0074104,Small Conf/Phone/Collab/Enclave,3,81,1,97,8,2
Compass HQ,2300 (CC1),6th Floor,626 OFFICE,LOC0074078,Office,5,87,5,99,24,0
Compass HQ,2300 (CC1),6th Floor,628 CONFERENCE ROOM,LOC0074107,Conference Room,10,85,10,90,4,0
Compass HQ,2300 (CC1),6th Floor,629 CONFERENCE ROOM,LOC0074070,Conference Room,8,91,7,98,4,1
Compass HQ,2300 (CC1),6th Floor,630 PHONE ROOM,LOC0074105,Small Conf/Phone/Collab/Enclave,3,73,3,74,8,0
Compass HQ,2300 (CC1),6th Floor,6300-6323 OPEN OFFICE,LOC0074108,Office Area,29,84,4,77,24,25
Compass HQ,2300 (CC1),6th Floor,631 OFFICE,LOC0074073,Office,3,91,3,96,24,0
Compass HQ,2300 (CC1),6th Floor,632 OFFICE,LOC0074099,Office,5,99,2,95,24,3
Compass HQ,2300 (CC1),6th Floor,633 OFFICE,LOC0074072,Office,2,98,2,89,24,0
Compass HQ,2300 (CC1),6th Floor,634 HUDDLE ROOM,LOC0074092,Small Conf/Phone/Collab/Enclave,2,68,2,88,8,0
Compass HQ,2300 (CC1),6th Floor,635 HUDDLE ROOM,LOC0074076,Small Conf/Phone/Collab/Enclave,2,80,3,77,8,-1
Compass HQ,2300 (CC1),6th Floor,636 PHONE ROOM,LOC0074103,Small Conf/Phone/Collab/Enclave,1,69,4,94,8,-3
Compass HQ,2300 (CC1),6th Floor,637 OFFICE,LOC0074098,Office,3,87,2,86,24,1
Compass HQ,2300 (CC1),6th Floor,638 OFFICE,LOC0074069,Office,1,86,5,98,24,-4
Compass HQ,2300 (CC1),6th Floor,639 CONFERENCE ROOM,LOC0074059,Small Conf/Phone/Collab/Enclave,1,76,1,76,8,0
Compass HQ,2300 (CC1),6th Floor,640 OFFICE,LOC0074106,Office,2,92,5,96,24,-3
Compass HQ,2300 (CC1),6th Floor,6400-6410 OPEN OFFICE,LOC0074068,Office Area,12,83,18,80,24,-6
Compass HQ,2300 (CC1),6th Floor,641 OFFICE,LOC0074077,Office,1,85,4,93,24,-3
Compass HQ,2300 (CC1),6th Floor,6412-6442 OPEN OFFICE,LOC0074085,Office Area,15,82,6,98,24,9
Compass HQ,2300 (CC1),6th Floor,642 PHONE ROOM,LOC0074075,Small Conf/Phone/Collab/Enclave,4,95,2,91,8,2
Compass HQ,2300 (CC1),6th Floor,6444-6463 OPEN OFFICE,LOC0074083,Office Area,3,87,19,75,24,-16
Compass HQ,2300 (CC1),6th Floor,ELEVATOR 1,LOC0074084,Elevator,5,97,1,95,4,4
Compass HQ,2300 (CC1),6th Floor,ELEVATOR 2,LOC0074067,Elevator,1,95,2,97,4,-1
Compass HQ,2300 (CC1),6th Floor,ELEVATOR 3,LOC0074082,Elevator,2,97,6,90,4,-4
Compass HQ,2300 (CC1),6th Floor,ELEVATOR 4,LOC0074056,Elevator,1,92,4,96,4,-3
Compass HQ,2300 (CC1),6th Floor,ELEVATOR LOBBY,LOC0074058,Lobby,13,96,24,82,24,-11
Compass HQ,2300 (CC1),6th Floor,STORAGE/PRINTER,LOC0074109,Storage,17,80,2,94,24,15
Compass HQ,2300 (CC1),7th Floor,7 FLR COFFEE BAR,LOC0074137,Cafeteria/Breakroom,30,95,8,96,24,22
Compass HQ,2300 (CC1),7th Floor,7 FLR STORAGE/PRINTER,LOC0074118,Storage,2,78,12,75,24,-10
Compass HQ,2300 (CC1),7th Floor,700 ELEVATOR LOBBY,LOC0074147,Lobby,7,84,8,75,24,-1
Compass HQ,2300 (CC1),7th Floor,702 ELECTRICAL ROOM,LOC0074156,Electrical/Voice/Data Room,16,86,12,98,24,4
Compass HQ,2300 (CC1),7th Floor,705 MEN'S RESTROOM,LOC0074123,Restroom,90,100,4,88,24,86
Compass HQ,2300 (CC1),7th Floor,705 WELLNESS ROOM,LOC0074134,Medical/Wellness,4,87,16,96,24,-12
Compass HQ,2300 (CC1),7th Floor,705 WOMEN'S RESTROOM,LOC0074151,Restroom,43,87,62,77,24,-19
Compass HQ,2300 (CC1),7th Floor,707 LAB,LOC0074150,Lab,15,92,15,91,24,0
Compass HQ,2300 (CC1),7th Floor,708 JANITOR'S CLOSET,LOC0074127,Janitor Room,9,79,23,95,24,-14
Compass HQ,2300 (CC1),7th Floor,709 IT CLOSET,LOC0074125,Electrical/Voice/Data Room,21,74,19,100,24,2
Compass HQ,2300 (CC1),7th Floor,711 COMMUNITY ROOM,LOC0074131,Cafeteria/Breakroom,30,84,16,83,24,14
Compass HQ,2300 (CC1),7th Floor,711A COMMUNITY ROOM,LOC0074159,Lounge/Open Gathering Area,19,92,18,94,24,1
Compass HQ,2300 (CC1),7th Floor,712 CONFERENCE ROOM,LOC0074164,Conference Room,4,87,4,95,4,0
Compass HQ,2300 (CC1),7th Floor,714 PHONE ROOM,LOC0074153,Small Conf/Phone/Collab/Enclave,3,67,4,86,8,-1
Compass HQ,2300 (CC1),7th Floor,715 OFFICE,LOC0074161,Office,4,99,3,95,24,1
Compass HQ,2300 (CC1),7th Floor,716 OFFICE,LOC0074162,Office,5,89,5,95,24,0
Compass HQ,2300 (CC1),7th Floor,717 SMALL CONFERENCE ROOM,LOC0074136,Small Conf/Phone/Collab/Enclave,4,89,4,93,8,0
Compass HQ,2300 (CC1),7th Floor,718 OFFICE,LOC0074135,Office,1,88,4,92,24,-3
Compass HQ,2300 (CC1),7th Floor,7180-7191 OPEN OFFICE,LOC0074163,Office Area,9,100,6,94,24,3
Compass HQ,2300 (CC1),7th Floor,719 OFFICE,LOC0074120,Office,3,99,3,95,24,0
Compass HQ,2300 (CC1),7th Floor,720 PHONE ROOM,LOC0074124,Small Conf/Phone/Collab/Enclave,2,98,1,87,8,1
Compass HQ,2300 (CC1),7th Floor,7200-7230 OPEN OFFICE,LOC0074139,Office Area,3,93,15,85,24,-12
Compass HQ,2300 (CC1),7th Floor,721 OFFICE,LOC0074133,Office,3,93,1,93,24,2
Compass HQ,2300 (CC1),7th Floor,722 OFFICE,LOC0074138,Office,3,99,5,97,24,-2
Compass HQ,2300 (CC1),7th Floor,723 OFFICE,LOC0074142,Office,5,92,4,93,24,1
Compass HQ,2300 (CC1),7th Floor,7236-7261 OPEN OFFICE,LOC0074144,Office Area,9,96,17,81,24,-8
Compass HQ,2300 (CC1),7th Floor,724 PHONE ROOM,LOC0074130,Small Conf/Phone/Collab/Enclave,1,92,1,85,8,0
Compass HQ,2300 (CC1),7th Floor,725 OFFICE,LOC0074157,Office,2,93,3,95,24,-1
Compass HQ,2300 (CC1),7th Floor,726 OFFICE,LOC0074128,Office,1,98,5,90,24,-4
Compass HQ,2300 (CC1),7th Floor,728 HUDDLE ROOM,LOC0074158,Small Conf/Phone/Collab/Enclave,2,100,4,83,8,-2
Compass HQ,2300 (CC1),7th Floor,729 CONFERENCE ROOM,LOC0074154,Conference Room,1,93,9,90,4,-8
Compass HQ,2300 (CC1),7th Floor,730 PHONE ROOM,LOC0074122,Small Conf/Phone/Collab/Enclave,1,89,3,96,8,-2
Compass HQ,2300 (CC1),7th Floor,7300-7404 OPEN OFFICE,LOC0074115,Office Area,24,86,7,83,24,17
Compass HQ,2300 (CC1),7th Floor,731 OFFICE,LOC0074148,Office,4,90,1,99,24,3
Compass HQ,2300 (CC1),7th Floor,732 OFFICE,LOC0074126,Office,1,98,5,99,24,-4
Compass HQ,2300 (CC1),7th Floor,733 OFFICE,LOC0074146,Office,2,86,3,93,24,-1
Compass HQ,2300 (CC1),7th Floor,734 HUDDLE ROOM,LOC0074116,Small Conf/Phone/Collab/Enclave,1,81,3,100,8,-2
Compass HQ,2300 (CC1),7th Floor,735 HUDDLE ROOM,LOC0074113,Small Conf/Phone/Collab/Enclave,3,100,3,100,8,0
Compass HQ,2300 (CC1),7th Floor,736 PHONE,LOC0074143,Small Conf/Phone/Collab/Enclave,1,73,1,84,8,0
Compass HQ,2300 (CC1),7th Floor,737 OFFICE,LOC0074111,Office,5,93,5,87,24,0
Compass HQ,2300 (CC1),7th Floor,738 OFFICE,LOC0074140,Office,4,91,4,100,24,0
Compass HQ,2300 (CC1),7th Floor,739 SMALL CONFERENCE ROOM,LOC0074112,Small Conf/Phone/Collab/Enclave,4,100,4,69,8,0
Compass HQ,2300 (CC1),7th Floor,740 OFFICE,LOC0074117,Office,3,85,1,90,24,2
Compass HQ,2300 (CC1),7th Floor,7406-7442 OPEN OFFICE,LOC0074160,Office Area,27,88,10,86,24,17
Compass HQ,2300 (CC1),7th Floor,741 OFFICE,LOC0074141,Office,5,98,2,86,24,3
Compass HQ,2300 (CC1),7th Floor,742 PHONE,LOC0074114,Small Conf/Phone/Collab/Enclave,2,73,1,96,8,1
Compass HQ,2300 (CC1),7th Floor,7444-7463 OPEN OFFICE,LOC0074132,Office Area,17,78,11,84,24,6
Compass HQ,2300 (CC1),7th Floor,ELEVATOR 1,LOC0074121,Elevator,1,97,4,90,4,-3
Compass HQ,2300 (CC1),7th Floor,ELEVATOR 2,LOC0074149,Elevator,6,92,5,91,4,1
Compass HQ,2300 (CC1),7th Floor,ELEVATOR 3,LOC0074152,Elevator,1,97,2,88,4,-1
Compass HQ,2300 (CC1),7th Floor,ELEVATOR 4,LOC0074119,Elevator,6,88,3,96,4,3
Compass HQ,2300 (CC1),7th Floor,FREIGHT ELEVATOR LOBBY,LOC0074129,Lobby,3,94,6,87,24,-3
Compass HQ,2300 (CC1),7th Floor,S1 STAIR 1,LOC0074155,Stairway,7,96,1,87,24,6
Compass HQ,2300 (CC1),7th Floor,S2 STAIR 2,LOC0074145,Stairway,3,96,13,84,24,-10
Compass HQ,2300 (CC1),Grounds,Grounds,LOC0073798,Grounds,21,78,20,95,24,1
Compass HQ,2300 (CC1),Roof,Roof,LOC0073797,Roof,17,78,16,81,24,1
Compass HQ,2400 (CC2),1st Floor,100 ELEVATOR LOBBY,LOC0074261,Lobby,1,73,10,81,24,-9
Compass HQ,2400 (CC2),1st Floor,100 MAIL ROOM,LOC0074230,Mailroom,21,94,4,89,24,17
Compass HQ,2400 (CC2),1st Floor,100 MAIN LOBBY ENTRANCE,LOC0074272,Lobby,25,94,25,86,24,0
Compass HQ,2400 (CC2),1st Floor,100 SECURITY,LOC0074241,Reception/Security Desk,29,87,30,75,24,-1
Compass HQ,2400 (CC2),1st Floor,101 CONFEFRENCE ROOM,LOC0074251,Conference Room,10,87,4,97,4,6
Compass HQ,2400 (CC2),1st Floor,102 STORAGE,LOC0074239,Storage,18,99,30,75,24,-12
Compass HQ,2400 (CC2),1st Floor,103 MECHANICAL ROOM,LOC0074265,Mechanical,14,92,17,99,24,-3
Compass HQ,2400 (CC2),1st Floor,103 STORAGE,LOC0074226,Storage,11,80,4,76,24,7
Compass HQ,2400 (CC2),1st Floor,104 STORAGE,LOC0074270,Storage,15,77,27,87,24,-12
Compass HQ,2400 (CC2),1st Floor,106 PREP AREA,LOC0074243,Kitchen,24,97,13,97,24,11
Compass HQ,2400 (CC2),1st Floor,107 FIRE PUMP ROOM,LOC0074235,Mechanical,11,91,10,89,24,1
Compass HQ,2400 (CC2),1st Floor,107 KITCHEN/CAFE WORKBAR,LOC0074277,Kitchen,24,100,5,95,24,19
Compass HQ,2400 (CC2),1st Floor,107 STORAGE,LOC0074237,Storage,4,75,3,84,24,1
Compass HQ,2400 (CC2),1st Floor,1096-1117 OPEN OFFICE,LOC0074232,Office Area,29,80,23,80,24,6
Compass HQ,2400 (CC2),1st Floor,111 CONFERENCE ROOM,LOC0074242,Small Conf/Phone/Collab/Enclave,3,80,2,68,8,1
Compass HQ,2400 (CC2),1st Floor,112 CONFERENCE ROOM,LOC0074273,Small Conf/Phone/Collab/Enclave,4,74,2,89,8,2
Compass HQ,2400 (CC2),1st Floor,113 CONFERENCE ROOM,LOC0074244,Small Conf/Phone/Collab/Enclave,1,68,2,70,8,-1
Compass HQ,2400 (CC2),1st Floor,114 CONFERENCE ROOM,LOC0074269,Small Conf/Phone/Collab/Enclave,1,86,3,96,8,-2
Compass HQ,2400 (CC2),1st Floor,116 OFFICE,LOC0074258,Office,1,94,2,97,24,-1
Compass HQ,2400 (CC2),1st Floor,117 OFFICE,LOC0074256,Office,5,95,3,90,24,2
Compass HQ,2400 (CC2),1st Floor,118 OFFICE,LOC0074228,Office,4,92,3,93,24,1
Compass HQ,2400 (CC2),1st Floor,119 OFFICE,LOC0074260,Office,4,96,5,90,24,-1
Compass HQ,2400 (CC2),1st Floor,120 CONFERENCE ROOM,LOC0074259,Conference Room,6,94,10,94,4,-4
Compass HQ,2400 (CC2),1st Floor,1201-1215 OPEN OFFICE,LOC0074238,Office Area,15,90,9,76,24,6
Compass HQ,2400 (CC2),1st Floor,121 CONFERENCE ROOM,LOC0074266,Conference Room,5,87,6,93,4,-1
Compass HQ,2400 (CC2),1st Floor,1216-1217 WORKSTATIONS,LOC0074233,Office Area,23,85,16,85,24,7
Compass HQ,2400 (CC2),1st Floor,122 KITCHEN AREA,LOC0074267,Kitchen,23,73,29,75,24,-6
Compass HQ,2400 (CC2),1st Floor,123 OFFICE,LOC0074248,Office,2,93,1,90,24,1
Compass HQ,2400 (CC2),1st Floor,124 OFFICE,LOC0074281,Office,5,95,2,100,24,3
Compass HQ,2400 (CC2),1st Floor,125 CONFERENCE ROOM,LOC0074252,Conference Room,3,100,10,90,4,-7
Compass HQ,2400 (CC2),1st Floor,125 ELECTRICAL ROOM,LOC0074245,Electrical/Voice/Data Room,17,97,11,77,24,6
Compass HQ,2400 (CC2),1st Floor,126 CAFE STORAGE,LOC0074280,Storage,18,89,29,98,24,-11
Compass HQ,2400 (CC2),1st Floor,126 CONFERENCE ROOM,LOC0074284,Conference Room,9,94,6,96,4,3
Compass HQ,2400 (CC2),1st Floor,127 CONFERENCE ROOM,LOC0074279,Conference Room,4,94,5,99,4,-1
Compass HQ,2400 (CC2),1st Floor,128 BENCH SEATING,LOC0074246,General,23,89,12,100,24,11
Compass HQ,2400 (CC2),1st Floor,129 STORAGE,LOC0074263,Storage,19,81,26,98,24,-7
Compass HQ,2400 (CC2),1st Floor,AV/IT SECURE CLOSET,LOC0074282,Storage,11,88,30,86,24,-19
Compass HQ,2400 (CC2),1st Floor,CAFE COFFEE BAR,LOC0074231,Cafeteria/Breakroom,15,76,3,95,24,12
Compass HQ,2400 (CC2),1st Floor,CAFE KITCHEN,LOC0074240,Kitchen,24,91,15,99,24,9
Compass HQ,2400 (CC2),1st Floor,CAFETERIA,LOC0074271,Cafeteria/Breakroom,28,86,7,78,24,21
Compass HQ,2400 (CC2),1st Floor,ELEVATOR 1,LOC0074234,Elevator,4,98,2,100,4,2
Compass HQ,2400 (CC2),1st Floor,ELEVATOR 2,LOC0074268,Elevator,3,96,6,91,4,-3
Compass HQ,2400 (CC2),1st Floor,ELEVATOR 3,LOC0074264,Elevator,3,89,1,93,4,2
Compass HQ,2400 (CC2),1st Floor,FITNESS CENTER,LOC0074236,Gym/Workout,23,73,25,92,24,-2
Compass HQ,2400 (CC2),1st Floor,FITNESS CENTER MEN'S RESTROOM,LOC0074274,Restroom,67,86,81,88,24,-14
Compass HQ,2400 (CC2),1st Floor,FITNESS CENTER SHOWERS/RESTROOM,LOC0074257,Locker Room,19,87,9,73,24,10
Compass HQ,2400 (CC2),1st Floor,FITNESS CENTER WOMEN'S RESTROOM,LOC0074275,Restroom,52,98,85,81,24,-33
Compass HQ,2400 (CC2),1st Floor,FOCUS ROOM 1,LOC0074254,Small Conf/Phone/Collab/Enclave,2,97,4,83,8,-2
Compass HQ,2400 (CC2),1st Floor,FOCUS ROOM 2,LOC0074253,Small Conf/Phone/Collab/Enclave,4,89,4,75,8,0
Compass HQ,2400 (CC2),1st Floor,KITCHEN HALLWAY,LOC0074249,Hallway,28,96,29,90,24,-1
Compass HQ,2400 (CC2),1st Floor,MAILROOM FOYER,LOC0074247,Hallway,14,79,27,81,24,-13
Compass HQ,2400 (CC2),1st Floor,OUTSIDE DINING PATIO,LOC0074283,Exterior,29,76,11,77,24,18
Compass HQ,2400 (CC2),1st Floor,OUTSIDE FOYER,LOC0074276,Exterior,5,99,21,80,24,-16
Compass HQ,2400 (CC2),1st Floor,PRINT ROOM,LOC0074278,Printer/Copier Area,1,87,12,91,24,-11
Compass HQ,2400 (CC2),1st Floor,SERVERY,LOC0074262,Cafeteria/Breakroom,24,94,22,78,24,2
Compass HQ,2400 (CC2),1st Floor,STAIRS (CAFE),LOC0074250,Stairway,19,74,6,95,24,13
Compass HQ,2400 (CC2),1st Floor,STAIRS (TECHBAR),LOC0074229,Stairway,17,92,3,90,24,14
Compass HQ,2400 (CC2),1st Floor,STORAGE (TECH BAR),LOC0074255,Storage,15,87,18,82,24,-3
Compass HQ,2400 (CC2),1st Floor,TECH BAR,LOC0074227,Special Use Facilities,2,92,5,88,24,-3
Compass HQ,2400 (CC2),2nd Floor,200 STAIR,LOC0074349,Stairway,13,77,27,100,24,-14
Compass HQ,2400 (CC2),2nd Floor,201 MECHANICAL ROOM,LOC0074333,Mechanical,6,97,7,73,24,-1
Compass HQ,2400 (CC2),2nd Floor,203 ELECTRICAL ROOM,LOC0074288,Electrical/Voice/Data Room,13,87,26,88,24,-13
Compass HQ,2400 (CC2),2nd Floor,204 JANITOR CLOSET,LOC0074299,Janitor Room,17,89,13,78,24,4
Compass HQ,2400 (CC2),2nd Floor,205 MEN'S RESTROOM,LOC0074314,Restroom,78,98,67,83,24,11
Compass HQ,2400 (CC2),2nd Floor,206 WOMEN'S RESTROOM,LOC0074346,Restroom,85,95,75,97,24,10
Compass HQ,2400 (CC2),2nd Floor,207 STAIR,LOC0074311,Stairway,26,85,26,74,24,0
Compass HQ,2400 (CC2),2nd Floor,207 TELECOMM,LOC0074302,Electrical/Voice/Data Room,3,89,20,95,24,-17
Compass HQ,2400 (CC2),2nd Floor,209 STORAGE,LOC0074323,Storage,16,83,27,91,24,-11
Compass HQ,2400 (CC2),2nd Floor,210 ELEVATOR LOBBY,LOC0074303,Lobby,23,80,27,80,24,-4
Compass HQ,2400 (CC2),2nd Floor,211 REFRESHMENT BAR,LOC0074350,Cafeteria/Breakroom,15,97,16,97,24,-1
Compass HQ,2400 (CC2),2nd Floor,212 CONFERENCE ROOM,LOC0074316,Conference Room,3,87,1,94,4,2
Compass HQ,2400 (CC2),2nd Floor,213 CONFERENCE ROOM,LOC0074347,Conference Room,10,94,10,94,4,0
Compass HQ,2400 (CC2),2nd Floor,214 RECORDS,LOC0074300,Storage,24,78,3,92,24,21
Compass HQ,2400 (CC2),2nd Floor,215 HUDDLE,LOC0074332,Small Conf/Phone/Collab/Enclave,1,81,2,93,8,-1
Compass HQ,2400 (CC2),2nd Floor,216 OFFICE,LOC0074351,Office,5,86,4,88,24,1
Compass HQ,2400 (CC2),2nd Floor,217 OFFICE,LOC0074319,Office,3,97,2,97,24,1
Compass HQ,2400 (CC2),2nd Floor,218 OFFICE,LOC0074313,Office,2,85,4,90,24,-2
Compass HQ,2400 (CC2),2nd Floor,219 PRINT,LOC0074345,Printer/Copier Area,21,91,10,90,24,11
Compass HQ,2400 (CC2),2nd Floor,220 OFFICE,LOC0074348,Office,1,87,4,90,24,-3
Compass HQ,2400 (CC2),2nd Floor,221 OFFICE,LOC0074352,Office,3,97,3,92,24,0
Compass HQ,2400 (CC2),2nd Floor,222 HUDDLE,LOC0074318,Small Conf/Phone/Collab/Enclave,2,99,2,68,8,0
Compass HQ,2400 (CC2),2nd Floor,223 WORK BAR,LOC0074317,Office Area,11,80,21,100,24,-10
Compass HQ,2400 (CC2),2nd Floor,224 PRINT,LOC0074353,Printer/Copier Area,21,80,8,96,24,13
Compass HQ,2400 (CC2),2nd Floor,225 FILE,LOC0074289,Storage,12,84,27,81,24,-15
Compass HQ,2400 (CC2),2nd Floor,226 OFFICE,LOC0074309,Office,2,85,2,88,24,0
Compass HQ,2400 (CC2),2nd Floor,227 OFFICE,LOC0074341,Office,5,91,5,89,24,0
Compass HQ,2400 (CC2),2nd Floor,228 PRINT,LOC0074306,Printer/Copier Area,21,85,1,98,24,20
Compass HQ,2400 (CC2),2nd Floor,229 OFFICE,LOC0074308,Office,1,97,3,94,24,-2
Compass HQ,2400 (CC2),2nd Floor,230 OFFICE,LOC0074342,Office,5,87,5,99,24,0
Compass HQ,2400 (CC2),2nd Floor,231 OFFICE,LOC0074292,Office,3,91,1,99,24,2
Compass HQ,2400 (CC2),2nd Floor,232 OFFICE,LOC0074287,Office,4,95,3,91,24,1
Compass HQ,2400 (CC2),2nd Floor,233 HUDDLE,LOC0074340,Small Conf/Phone/Collab/Enclave,4,66,4,74,8,0
Compass HQ,2400 (CC2),2nd Floor,234 OFFICE,LOC0074304,Office,5,86,5,92,24,0
Compass HQ,2400 (CC2),2nd Floor,235 OFFICE,LOC0074337,Office,1,86,5,90,24,-4
Compass HQ,2400 (CC2),2nd Floor,236 OFFICE,LOC0074305,Office,5,90,4,92,24,1
Compass HQ,2400 (CC2),2nd Floor,237 PRINT,LOC0074294,Printer/Copier Area,1,92,17,76,24,-16
Compass HQ,2400 (CC2),2nd Floor,238 OFFICE,LOC0074297,Office,3,98,5,89,24,-2
Compass HQ,2400 (CC2),2nd Floor,239 OFFICE,LOC0074329,Office,2,87,3,96,24,-1
Compass HQ,2400 (CC2),2nd Floor,240 HUDDLE,LOC0074301,Small Conf/Phone/Collab/Enclave,3,66,4,93,8,-1
Compass HQ,2400 (CC2),2nd Floor,241 OFFICE,LOC0074335,Office,5,90,1,97,24,4
Compass HQ,2400 (CC2),2nd Floor,242 OFFICE,LOC0074291,Office,3,95,3,99,24,0
Compass HQ,2400 (CC2),2nd Floor,243 OFFICE,LOC0074327,Office,2,99,4,96,24,-2
Compass HQ,2400 (CC2),2nd Floor,244 OFFICE,LOC0074298,Office,3,98,5,93,24,-2
Compass HQ,2400 (CC2),2nd Floor,245 OFFICE,LOC0074330,Office,5,89,5,86,24,0
Compass HQ,2400 (CC2),2nd Floor,246 PRINT/COPY,LOC0120029,Printer/Copier Area,9,98,27,86,24,-18
Compass HQ,2400 (CC2),2nd Floor,247 LEGAL LIBRARY,LOC0074331,Special Use Facilities,5,88,12,98,24,-7
Compass HQ,2400 (CC2),2nd Floor,248 WORK BAR,LOC0074307,Office Area,26,79,5,86,24,21
Compass HQ,2400 (CC2),2nd Floor,249 OFFICE,LOC0074328,Office,4,92,2,85,24,2
Compass HQ,2400 (CC2),2nd Floor,250 OFFICE,LOC0074290,Office,2,92,5,86,24,-3
Compass HQ,2400 (CC2),2nd Floor,251 OFFICE,LOC0074326,Office,4,98,1,89,24,3
Compass HQ,2400 (CC2),2nd Floor,252 PRINT,LOC0074285,Printer/Copier Area,22,85,28,99,24,-6
Compass HQ,2400 (CC2),2nd Floor,253 OFFICE,LOC0074296,Office,3,93,2,98,24,1
Compass HQ,2400 (CC2),2nd Floor,254 OFFICE,LOC0074343,Office,5,94,1,93,24,4
Compass HQ,2400 (CC2),2nd Floor,255 HUDDLE,LOC0074310,Small Conf/Phone/Collab/Enclave,2,91,2,82,8,0
Compass HQ,2400 (CC2),2nd Floor,256 HUDDLE,LOC0074293,Small Conf/Phone/Collab/Enclave,2,85,4,67,8,-2
Compass HQ,2400 (CC2),2nd Floor,257 RECORDS,LOC0074334,Storage,25,86,3,87,24,22
Compass HQ,2400 (CC2),2nd Floor,2600-2611 OPEN OFFICE,LOC0074315,Office Area,18,92,5,100,24,13
Compass HQ,2400 (CC2),2nd Floor,2612-2623 OPEN OFFICE,LOC0074286,Office Area,4,93,4,100,24,0
Compass HQ,2400 (CC2),2nd Floor,2624-2647 OPEN OFFICE,LOC0074312,Office Area,29,89,26,96,24,3
Compass HQ,2400 (CC2),2nd Floor,2648-2659 OPEN OFFICE,LOC0074325,Office Area,27,89,8,96,24,19
Compass HQ,2400 (CC2),2nd Floor,2690-2697 OPEN OFFICE,LOC0074338,Office Area,9,76,25,90,24,-16
Compass HQ,2400 (CC2),2nd Floor,2699-2720 OPEN OFFICE,LOC0074324,Office Area,21,100,25,91,24,-4
Compass HQ,2400 (CC2),2nd Floor,2723-2733 OPEN OFFICE,LOC0074320,Office Area,16,98,14,77,24,2
Compass HQ,2400 (CC2),2nd Floor,2734-2745 OPEN OFFICE,LOC0074321,Office Area,28,91,29,92,24,-1
Compass HQ,2400 (CC2),2nd Floor,2ND FLOOR CORRIDOR,LOC0074344,Hallway,6,74,16,89,24,-10
Compass HQ,2400 (CC2),2nd Floor,BALCONY (OPEN TO BELOW),LOC0074339,Empty Space/Non-usable,11,87,26,79,24,-15
Compass HQ,2400 (CC2),2nd Floor,ELEVATOR 1,LOC0074295,Elevator,2,98,1,94,4,1
Compass HQ,2400 (CC2),2nd Floor,ELEVATOR 2,LOC0074322,Elevator,1,94,2,94,4,-1
Compass HQ,2400 (CC2),2nd Floor,ELEVATOR 3,LOC0074336,Elevator,1,97,5,98,4,-4
Compass HQ,2400 (CC2),3rd Floor,300 STAIRS,LOC0074372,Stairway,4,80,9,97,24,-5
Compass HQ,2400 (CC2),3rd Floor,303 ELECTRICAL ROOM,LOC0074410,Electrical/Voice/Data Room,25,94,10,72,24,15
Compass HQ,2400 (CC2),3rd Floor,303 JANITOR CLOSET,LOC0074374,Janitor Room,16,88,13,72,24,3
Compass HQ,2400 (CC2),3rd Floor,305 WOMEN'S RESTROOM,LOC0074377,Restroom,82,83,78,100,24,4
Compass HQ,2400 (CC2),3rd Floor,306 MEN'S RESTROOM,LOC0074407,Restroom,72,92,50,79,24,22
Compass HQ,2400 (CC2),3rd Floor,307 IT/NETWORK CLOSET,LOC0074384,Electrical/Voice/Data Room,12,87,3,86,24,9
Compass HQ,2400 (CC2),3rd Floor,308 STAIRS,LOC0074369,Stairway,4,93,27,73,24,-23
Compass HQ,2400 (CC2),3rd Floor,309 STORAGE,LOC0074400,Storage,23,84,6,99,24,17
Compass HQ,2400 (CC2),3rd Floor,310 ELEVATOR LOBBY,LOC0074356,Lobby,13,75,29,95,24,-16
Compass HQ,2400 (CC2),3rd Floor,312 CAFE,LOC0074355,Cafeteria/Breakroom,10,83,26,90,24,-16
Compass HQ,2400 (CC2),3rd Floor,313 CONFERENCE ROOM,LOC0074365,Conference Room,2,100,10,88,4,-8
Compass HQ,2400 (CC2),3rd Floor,314 OFFICE,LOC0074367,Office,4,97,4,100,24,0
Compass HQ,2400 (CC2),3rd Floor,316 CONFERENCE ROOM,LOC0074396,Small Conf/Phone/Collab/Enclave,2,96,1,66,8,1
Compass HQ,2400 (CC2),3rd Floor,318 PRINTER/COPIER AREA,LOC0074398,Printer/Copier Area,21,85,10,89,24,11
Compass HQ,2400 (CC2),3rd Floor,319 WELLNESS ROOM,LOC0074402,Medical/Wellness,11,82,24,87,24,-13
Compass HQ,2400 (CC2),3rd Floor,320 FOCUS ROOM,LOC0074371,Small Conf/Phone/Collab/Enclave,1,87,3,66,8,-2
Compass HQ,2400 (CC2),3rd Floor,321 HUDDLE ROOM,LOC0074403,Small Conf/Phone/Collab/Enclave,1,99,3,89,8,-2
Compass HQ,2400 (CC2),3rd Floor,322 OFFICE,LOC0074406,Office,2,87,2,89,24,0
Compass HQ,2400 (CC2),3rd Floor,323 OFFICE,LOC0074408,Office,5,90,2,98,24,3
Compass HQ,2400 (CC2),3rd Floor,324 OFFICE,LOC0074378,Office,1,85,4,98,24,-3
Compass HQ,2400 (CC2),3rd Floor,325 CONFERENCE ROOM,LOC0074390,Conference Room,9,97,2,85,4,7
Compass HQ,2400 (CC2),3rd Floor,326 OFFICE,LOC0074376,Office,3,100,3,91,24,0
Compass HQ,2400 (CC2),3rd Floor,327 OFFICE,LOC0074373,Office,1,100,1,88,24,0
Compass HQ,2400 (CC2),3rd Floor,328 CONFERENCE ROOM,LOC0074375,Small Conf/Phone/Collab/Enclave,1,68,2,78,8,-1
Compass HQ,2400 (CC2),3rd Floor,330 CONFERENCE ROOM,LOC0074405,Conference Room,10,96,3,85,4,7
Compass HQ,2400 (CC2),3rd Floor,331 PRINT/COPY AREA,LOC0074397,Printer/Copier Area,3,93,4,100,24,-1
Compass HQ,2400 (CC2),3rd Floor,333 CONFERENCE ROOM,LOC0074394,Small Conf/Phone/Collab/Enclave,4,71,1,87,8,3
Compass HQ,2400 (CC2),3rd Floor,334 OFFICE,LOC0074388,Office,5,97,4,89,24,1
Compass HQ,2400 (CC2),3rd Floor,335 OFFICE,LOC0074409,Office,2,95,1,89,24,1
Compass HQ,2400 (CC2),3rd Floor,336 CONFERENCE ROOM,LOC0074411,Small Conf/Phone/Collab/Enclave,2,65,4,99,8,-2
Compass HQ,2400 (CC2),3rd Floor,337 CONFERENCE ROOM,LOC0074380,Small Conf/Phone/Collab/Enclave,3,97,4,79,8,-1
Compass HQ,2400 (CC2),3rd Floor,338 CONFERENCE ROOM,LOC0074379,Small Conf/Phone/Collab/Enclave,3,89,2,92,8,1
Compass HQ,2400 (CC2),3rd Floor,339 CONFERENCE ROOM,LOC0074358,Small Conf/Phone/Collab/Enclave,4,99,3,87,8,1
Compass HQ,2400 (CC2),3rd Floor,340 CONFERENCE ROOM,LOC0074363,Small Conf/Phone/Collab/Enclave,4,93,4,98,8,0
Compass HQ,2400 (CC2),3rd Floor,341 OFFICE,LOC0074370,Office,1,94,3,91,24,-2
Compass HQ,2400 (CC2),3rd Floor,342 CONFERENCE ROOM,LOC0074399,Small Conf/Phone/Collab/Enclave,3,69,2,90,8,1
Compass HQ,2400 (CC2),3rd Floor,343 CONFERENCE ROOM,LOC0074404,Conference Room,2,97,10,88,4,-8
Compass HQ,2400 (CC2),3rd Floor,344 CONFERENCE ROOM,LOC0074401,Conference Room,9,93,8,97,4,1
Compass HQ,2400 (CC2),3rd Floor,345 OFFICE,LOC0074382,Office,2,93,4,86,24,-2
Compass HQ,2400 (CC2),3rd Floor,346  CONFERENCE ROOM,LOC0074354,Small Conf/Phone/Collab/Enclave,1,70,4,79,8,-3
Compass HQ,2400 (CC2),3rd Floor,3510-3517 OPEN OFFICE,LOC0074395,Office Area,22,97,25,80,24,-3
Compass HQ,2400 (CC2),3rd Floor,3518-3529 OPEN OFFICE,LOC0074360,Office Area,6,78,21,96,24,-15
Compass HQ,2400 (CC2),3rd Floor,3538-3555 OPEN OFFICE,LOC0074357,Office Area,17,93,28,85,24,-11
Compass HQ,2400 (CC2),3rd Floor,3600-3618 OPEN OFFICE,LOC0074368,Office Area,18,86,27,93,24,-9
Compass HQ,2400 (CC2),3rd Floor,3611-3638 OPEN OFFICE,LOC0074362,Office Area,25,98,17,78,24,8
Compass HQ,2400 (CC2),3rd Floor,3631-3649 OPEN OFFICE,LOC0074393,Office Area,10,86,5,84,24,5
Compass HQ,2400 (CC2),3rd Floor,3670-3687 OPEN OFFICE,LOC0074383,Office Area,27,84,2,94,24,25
Compass HQ,2400 (CC2),3rd Floor,3688-3695 OPEN OFFICE,LOC0074366,Office Area,4,86,18,85,24,-14
Compass HQ,2400 (CC2),3rd Floor,3700-3711  OPEN OFFICE,LOC0074391,Office Area,5,85,20,75,24,-15
Compass HQ,2400 (CC2),3rd Floor,3712-3733 OPEN OFFICE,LOC0074364,Office Area,18,81,8,95,24,10
Compass HQ,2400 (CC2),3rd Floor,3RD FLOOR WORKSPACE,LOC0074389,Office Area,26,94,10,84,24,16
Compass HQ,2400 (CC2),3rd Floor,ELEVATOR 1,LOC0074381,Elevator,1,93,6,89,4,-5
Compass HQ,2400 (CC2),3rd Floor,ELEVATOR 2,LOC0074386,Elevator,3,99,6,93,4,-3
Compass HQ,2400 (CC2),3rd Floor,ELEVATOR 3,LOC0074359,Elevator,3,94,4,89,4,-1
Compass HQ,2400 (CC2),3rd Floor,FRONT PORCH- NEIGHBORHOOD A,LOC0074361,Lounge/Open Gathering Area,13,97,11,91,24,2
Compass HQ,2400 (CC2),3rd Floor,FRONT PORCH- NEIGHBORHOOD B,LOC0074387,Lounge/Open Gathering Area,9,74,22,91,24,-13
Compass HQ,2400 (CC2),3rd Floor,FRONT PORCH- NEIGHBORHOOD D,LOC0074385,Lounge/Open Gathering Area,14,94,24,83,24,-10
Compass HQ,2400 (CC2),3rd Floor,MECHANICAL ROOM,LOC0074392,Mechanical,27,97,30,98,24,-3
Compass HQ,2400 (CC2),4th Floor,400 STAIRS,LOC0074467,Stairway,6,86,23,95,24,-17
Compass HQ,2400 (CC2),4th Floor,401 MECHANICAL ROOM,LOC0074419,Mechanical,14,79,6,86,24,8
Compass HQ,2400 (CC2),4th Floor,403 ELECTRICAL ROOM,LOC0074449,Electrical/Voice/Data Room,4,75,19,86,24,-15
Compass HQ,2400 (CC2),4th Floor,404 JANITOR CLOSET,LOC0074413,Janitor Room,12,84,16,91,24,-4
Compass HQ,2400 (CC2),4th Floor,405 WOMEN'S RESTROOM,LOC0074428,Restroom,34,91,86,94,24,-52
Compass HQ,2400 (CC2),4th Floor,406 MEN'S RESTROOM,LOC0074441,Restroom,58,95,87,96,24,-29
Compass HQ,2400 (CC2),4th Floor,407 TELECOMM,LOC0074440,Electrical/Voice/Data Room,21,88,10,78,24,11
Compass HQ,2400 (CC2),4th Floor,408 STAIR,LOC0074450,Stairway,6,94,16,91,24,-10
Compass HQ,2400 (CC2),4th Floor,409 STORAGE,LOC0074417,Storage,9,79,19,74,24,-10
Compass HQ,2400 (CC2),4th Floor,410 ELEVATOR LOBBY,LOC0074424,Lobby,5,94,17,75,24,-12
Compass HQ,2400 (CC2),4th Floor,411 CAFE,LOC0074464,Cafeteria/Breakroom,26,99,10,75,24,16
Compass HQ,2400 (CC2),4th Floor,412 PATIO,LOC0074421,Cafeteria/Breakroom,17,75,10,92,24,7
Compass HQ,2400 (CC2),4th Floor,413 OFFICE,LOC0074460,Office,1,86,1,86,24,0
Compass HQ,2400 (CC2),4th Floor,414 OFFICE,LOC0074431,Office,1,96,4,96,24,-3
Compass HQ,2400 (CC2),4th Floor,415 OFFICE,LOC0074426,Office,2,92,1,97,24,1
Compass HQ,2400 (CC2),4th Floor,416 MEET,LOC0074457,Small Conf/Phone/Collab/Enclave,4,91,2,98,8,2
Compass HQ,2400 (CC2),4th Floor,417 OFFICE,LOC0074430,Office,4,92,4,87,24,0
Compass HQ,2400 (CC2),4th Floor,418 OFFICE,LOC0074443,Office,1,85,5,99,24,-4
Compass HQ,2400 (CC2),4th Floor,419 HUDDLE,LOC0074432,Small Conf/Phone/Collab/Enclave,4,68,3,88,8,1
Compass HQ,2400 (CC2),4th Floor,420 WORK BAR,LOC0074458,Office Area,6,82,25,92,24,-19
Compass HQ,2400 (CC2),4th Floor,421 PRINT,LOC0074422,Printer/Copier Area,27,97,25,98,24,2
Compass HQ,2400 (CC2),4th Floor,422 OFFICE,LOC0074453,Office,2,90,3,85,24,-1
Compass HQ,2400 (CC2),4th Floor,423 PHONE,LOC0074423,Small Conf/Phone/Collab/Enclave,3,94,1,73,8,2
Compass HQ,2400 (CC2),4th Floor,424 PHONE,LOC0074447,Small Conf/Phone/Collab/Enclave,4,78,4,91,8,0
Compass HQ,2400 (CC2),4th Floor,425 CONFERENCE ROOM,LOC0074452,Conference Room,8,96,2,100,4,6
Compass HQ,2400 (CC2),4th Floor,426 PRINT,LOC0074451,Printer/Copier Area,26,72,6,89,24,20
Compass HQ,2400 (CC2),4th Floor,427 HUDDLE,LOC0074466,Small Conf/Phone/Collab/Enclave,3,72,4,70,8,-1
Compass HQ,2400 (CC2),4th Floor,428 OFFICE,LOC0074437,Office,3,94,1,100,24,2
Compass HQ,2400 (CC2),4th Floor,429 OFFICE,LOC0074456,Office,2,87,5,93,24,-3
Compass HQ,2400 (CC2),4th Floor,430 PRINT,LOC0074446,Printer/Copier Area,25,96,19,81,24,6
Compass HQ,2400 (CC2),4th Floor,431 OFFICE,LOC0074416,Office,5,90,2,91,24,3
Compass HQ,2400 (CC2),4th Floor,432 OFFICE,LOC0074425,Office,4,97,5,88,24,-1
Compass HQ,2400 (CC2),4th Floor,433 CONFERENCE ROOM,LOC0074439,Small Conf/Phone/Collab/Enclave,3,91,1,76,8,2
Compass HQ,2400 (CC2),4th Floor,433 HUDDLE,LOC0074435,Small Conf/Phone/Collab/Enclave,3,75,3,77,8,0
Compass HQ,2400 (CC2),4th Floor,434 PHONE,LOC0074438,Small Conf/Phone/Collab/Enclave,3,75,2,86,8,1
Compass HQ,2400 (CC2),4th Floor,435 HUDDLE,LOC0074465,Small Conf/Phone/Collab/Enclave,4,71,4,75,8,0
Compass HQ,2400 (CC2),4th Floor,436 HUDDLE,LOC0117902,Small Conf/Phone/Collab/Enclave,4,70,2,83,8,2
Compass HQ,2400 (CC2),4th Floor,437 WELLNESS,LOC0074468,Medical/Wellness,27,90,3,82,24,24
Compass HQ,2400 (CC2),4th Floor,438 WORK BAR,LOC0074445,Office Area,26,89,12,82,24,14
Compass HQ,2400 (CC2),4th Floor,439 OFFICE,LOC0074434,Office,4,86,4,95,24,0
Compass HQ,2400 (CC2),4th Floor,440 OFFICE,LOC0074463,Office,3,89,1,94,24,2
Compass HQ,2400 (CC2),4th Floor,441 OFFICE,LOC0074442,Office,4,93,5,97,24,-1
Compass HQ,2400 (CC2),4th Floor,442 MEET,LOC0074414,Small Conf/Phone/Collab/Enclave,2,98,2,98,8,0
Compass HQ,2400 (CC2),4th Floor,443 OFFICE,LOC0074462,Office,3,97,2,93,24,1
Compass HQ,2400 (CC2),4th Floor,444 OFFICE,LOC0074433,Office,4,86,2,96,24,2
Compass HQ,2400 (CC2),4th Floor,445 OFFICE,LOC0074461,Office,4,100,3,90,24,1
Compass HQ,2400 (CC2),4th Floor,4500-4519 OPEN OFFICE,LOC0074455,Office Area,25,97,12,92,24,13
Compass HQ,2400 (CC2),4th Floor,4520-4531 OPEN OFFICE,LOC0074427,Office Area,10,92,21,91,24,-11
Compass HQ,2400 (CC2),4th Floor,4532-4555 OPEN OFFICE,LOC0074429,Office Area,30,96,25,83,24,5
Compass HQ,2400 (CC2),4th Floor,4556-4562 OPEN OFFICE,LOC0074420,Office Area,16,98,28,89,24,-12
Compass HQ,2400 (CC2),4th Floor,4563-4604 OPEN OFFICE,LOC0074459,Office Area,26,84,25,76,24,1
Compass HQ,2400 (CC2),4th Floor,4613-4636 OPEN OFFICE,LOC0074418,Office Area,30,94,22,85,24,8
Compass HQ,2400 (CC2),4th Floor,4637-4648 OPEN OFFICE,LOC0074448,Office Area,2,90,23,94,24,-21
Compass HQ,2400 (CC2),4th Floor,4649-4669 OPEN OFFICE,LOC0074436,Office Area,19,91,22,75,24,-3
Compass HQ,2400 (CC2),4th Floor,4TH FLOOR CORRIDOR,LOC0074454,Hallway,16,89,27,75,24,-11
Compass HQ,2400 (CC2),4th Floor,ELEVATOR 1,LOC0074415,Elevator,3,88,1,89,4,2
Compass HQ,2400 (CC2),4th Floor,ELEVATOR 2,LOC0074444,Elevator,1,92,1,91,4,0
Compass HQ,2400 (CC2),4th Floor,ELEVATOR 3,LOC0074412,Elevator,4,94,5,99,4,-1
Compass HQ,2400 (CC2),5th Floor,410 ELEVATOR LOBBY,LOC0074526,Lobby,3,80,27,76,24,-24
Compass HQ,2400 (CC2),5th Floor,4649-4669 OPEN OFFICE,LOC0074485,Office Area,21,93,25,100,24,-4
Compass HQ,2400 (CC2),5th Floor,500 STAIRS,LOC0074530,Stairway,28,73,30,96,24,-2
Compass HQ,2400 (CC2),5th Floor,501 MECHANICAL ROOM,LOC0074480,Mechanical,29,88,1,88,24,28
Compass HQ,2400 (CC2),5th Floor,503 ELECTRICAL ROOM,LOC0074510,Electrical/Voice/Data Room,13,88,5,75,24,8
Compass HQ,2400 (CC2),5th Floor,504 JANITOR CLOSET,LOC0074479,Janitor Room,30,100,29,82,24,1
Compass HQ,2400 (CC2),5th Floor,505 WOMEN'S RESTROOM,LOC0074473,Restroom,96,100,100,96,24,-4
Compass HQ,2400 (CC2),5th Floor,506 MEN'S RESTROOM,LOC0074508,Restroom,62,89,12,91,24,50
Compass HQ,2400 (CC2),5th Floor,507 TELECOMM,LOC0074506,Electrical/Voice/Data Room,7,85,6,79,24,1
Compass HQ,2400 (CC2),5th Floor,508 STAIR,LOC0074524,Stairway,24,85,21,81,24,3
Compass HQ,2400 (CC2),5th Floor,509 STORAGE,LOC0074514,Storage,20,79,6,79,24,14
Compass HQ,2400 (CC2),5th Floor,5-1 THRU 5-8 WORKSTATIONS,LOC0074521,Office Area,1,100,22,99,24,-21
Compass HQ,2400 (CC2),5th Floor,510 ELEVATOR LOBBY,LOC0078224,Lobby,17,89,8,97,24,9
Compass HQ,2400 (CC2),5th Floor,511 CAFE,LOC0074520,Cafeteria/Breakroom,6,83,16,90,24,-10
Compass HQ,2400 (CC2),5th Floor,512 PATIO,LOC0074491,Cafeteria/Breakroom,18,93,11,78,24,7
Compass HQ,2400 (CC2),5th Floor,512 WORK BAR,LOC0074501,Office Area,2,82,25,77,24,-23
Compass HQ,2400 (CC2),5th Floor,513 CONFERENCE ROOM,LOC0074516,Conference Room,5,91,3,92,4,2
Compass HQ,2400 (CC2),5th Floor,514 OFFICE,LOC0074484,Office,2,90,5,87,24,-3
Compass HQ,2400 (CC2),5th Floor,515 PHONE ROOM,LOC0074482,Small Conf/Phone/Collab/Enclave,4,73,2,69,8,2
Compass HQ,2400 (CC2),5th Floor,516 CONFERENCE ROOM,LOC0074483,Conference Room,3,95,9,96,4,-6
Compass HQ,2400 (CC2),5th Floor,517 PHONE ROOM,LOC0074515,Small Conf/Phone/Collab/Enclave,1,77,2,83,8,-1
Compass HQ,2400 (CC2),5th Floor,518 OFFICE,LOC0074517,Office,2,92,2,94,24,0
Compass HQ,2400 (CC2),5th Floor,521 HUDDLE,LOC0074471,Small Conf/Phone/Collab/Enclave,2,91,3,88,8,-1
Compass HQ,2400 (CC2),5th Floor,521 OFFICE,LOC0074476,Office,4,98,1,95,24,3
Compass HQ,2400 (CC2),5th Floor,522 WELLNESS,LOC0074502,Medical/Wellness,7,85,20,97,24,-13
Compass HQ,2400 (CC2),5th Floor,523 PHONE,LOC0074500,Small Conf/Phone/Collab/Enclave,1,83,2,75,8,-1
Compass HQ,2400 (CC2),5th Floor,524 OFFICE,LOC0074522,Office,4,96,1,88,24,3
Compass HQ,2400 (CC2),5th Floor,525 OFFICE,LOC0074489,Office,3,91,2,97,24,1
Compass HQ,2400 (CC2),5th Floor,526 OFFICE,LOC0074490,Office,5,95,1,89,24,4
Compass HQ,2400 (CC2),5th Floor,527 PRINTER/COPIER AREA,LOC0074488,Printer/Copier Area,23,99,16,81,24,7
Compass HQ,2400 (CC2),5th Floor,528 OFFICE,LOC0074523,Office,2,86,3,89,24,-1
Compass HQ,2400 (CC2),5th Floor,529 OFFICE,LOC0074486,Office,4,86,3,99,24,1
Compass HQ,2400 (CC2),5th Floor,530 OFFICE,LOC0074469,Office,5,92,3,100,24,2
Compass HQ,2400 (CC2),5th Floor,531 CONFERENCE ROOM,LOC0074481,Small Conf/Phone/Collab/Enclave,4,100,2,82,8,2
Compass HQ,2400 (CC2),5th Floor,532 OFFICE,LOC0074511,Office,2,85,4,89,24,-2
Compass HQ,2400 (CC2),5th Floor,533 OFFICE,LOC0074478,Office,1,91,4,96,24,-3
Compass HQ,2400 (CC2),5th Floor,534 CONFERENCE ROOM,LOC0074472,Conference Room,3,88,10,94,4,-7
Compass HQ,2400 (CC2),5th Floor,535 OFFICE,LOC0074507,Office,1,89,4,88,24,-3
Compass HQ,2400 (CC2),5th Floor,536 OFFICE,LOC0074513,Office,1,95,1,91,24,0
Compass HQ,2400 (CC2),5th Floor,537 OFFICE,LOC0074509,Office,1,88,1,89,24,0
Compass HQ,2400 (CC2),5th Floor,538 HUDDLE ROOM,LOC0074493,Small Conf/Phone/Collab/Enclave,3,70,4,87,8,-1
Compass HQ,2400 (CC2),5th Floor,539 HUDDLE,LOC0074525,Small Conf/Phone/Collab/Enclave,4,86,4,65,8,0
Compass HQ,2400 (CC2),5th Floor,540 OFFICE,LOC0074495,Office,5,93,5,85,24,0
Compass HQ,2400 (CC2),5th Floor,541 HUDDLE ROOM,LOC0074527,Small Conf/Phone/Collab/Enclave,3,94,1,87,8,2
Compass HQ,2400 (CC2),5th Floor,541 WORK BAR,LOC0074474,Office Area,11,86,24,95,24,-13
Compass HQ,2400 (CC2),5th Floor,542 OFFICE,LOC0074529,Office,4,93,2,89,24,2
Compass HQ,2400 (CC2),5th Floor,543 OFFICE,LOC0074528,Office,5,94,1,96,24,4
Compass HQ,2400 (CC2),5th Floor,544 OFFICE,LOC0074487,Office,2,93,2,90,24,0
Compass HQ,2400 (CC2),5th Floor,545 WELLNESS,LOC0074518,Medical/Wellness,17,80,25,91,24,-8
Compass HQ,2400 (CC2),5th Floor,546 OFFICE,LOC0074519,Office,4,91,3,91,24,1
Compass HQ,2400 (CC2),5th Floor,547 HUDDLE ROOM,LOC0074496,Office,3,98,1,100,24,2
Compass HQ,2400 (CC2),5th Floor,548 HUDDLE ROOM,LOC0074497,Small Conf/Phone/Collab/Enclave,2,84,2,93,8,0
Compass HQ,2400 (CC2),5th Floor,5500-5519 OPEN OFFICE,LOC0074512,Office Area,28,79,22,79,24,6
Compass HQ,2400 (CC2),5th Floor,5520-5531 OPEN OFFICE,LOC0074470,Office Area,13,84,22,99,24,-9
Compass HQ,2400 (CC2),5th Floor,5532-5555 OPEN OFFICE,LOC0074499,Office Area,8,82,8,94,24,0
Compass HQ,2400 (CC2),5th Floor,5600-5649 OPEN OFFICE,LOC0074492,Office Area,15,93,20,95,24,-5
Compass HQ,2400 (CC2),5th Floor,5688-5693 OPEN OFFICE,LOC0074503,Office Area,30,87,24,83,24,6
Compass HQ,2400 (CC2),5th Floor,5694-5705 OPEN OFFICE,LOC0074504,Office Area,15,89,23,94,24,-8
Compass HQ,2400 (CC2),5th Floor,5706-5725 OPEN OFFICE,LOC0078223,Office Area,29,92,16,86,24,13
Compass HQ,2400 (CC2),5th Floor,ELEVATOR 1,LOC0074475,Elevator,2,91,2,88,4,0
Compass HQ,2400 (CC2),5th Floor,ELEVATOR 2,LOC0074505,Elevator,5,98,6,93,4,-1
Compass HQ,2400 (CC2),5th Floor,ELEVATOR 3,LOC0074477,Elevator,3,89,3,95,4,0
Compass HQ,2400 (CC2),5th Floor,HALLWAY- CENTRAL,LOC0074494,Hallway,4,81,12,74,24,-8
Compass HQ,2400 (CC2),5th Floor,STAIRS,LOC0074498,Stairway,24,92,12,76,24,12
Compass HQ,2400 (CC2),6th Floor,600 STAIRS,LOC0074593,Stairway,30,97,28,83,24,2
Compass HQ,2400 (CC2),6th Floor,601 MECHANICAL ROOM,LOC0074565,Mechanical,9,73,30,74,24,-21
Compass HQ,2400 (CC2),6th Floor,603 ELECTRICAL ROOM,LOC0074602,Electrical/Voice/Data Room,9,81,11,84,24,-2
Compass HQ,2400 (CC2),6th Floor,604 JANITOR'S CLOSET,LOC0074554,Janitor Room,8,87,5,97,24,3
Compass HQ,2400 (CC2),6th Floor,605 WOMEN'S RESTROOM (CC2),LOC0074560,Restroom,66,86,66,85,24,0
Compass HQ,2400 (CC2),6th Floor,606 MEN'S RESTROOM,LOC0074600,Restroom,62,92,89,100,24,-27
Compass HQ,2400 (CC2),6th Floor,607 TELCOMM,LOC0074599,Electrical/Voice/Data Room,10,84,28,98,24,-18
Compass HQ,2400 (CC2),6th Floor,608 STAIRS,LOC0074607,Stairway,15,98,11,75,24,4
Compass HQ,2400 (CC2),6th Floor,609 STORAGE,LOC0074584,Storage,15,89,11,99,24,4
Compass HQ,2400 (CC2),6th Floor,610 ELEVATOR LOBBY,LOC0074601,Lobby,9,87,24,73,24,-15
Compass HQ,2400 (CC2),6th Floor,611 BREAKROOM AREA,LOC0074595,Cafeteria/Breakroom,24,89,10,96,24,14
Compass HQ,2400 (CC2),6th Floor,611 OFFICE,LOC0074589,Office,1,95,1,99,24,0
Compass HQ,2400 (CC2),6th Floor,612 OFFICE,LOC0074550,Office,2,89,2,87,24,0
Compass HQ,2400 (CC2),6th Floor,614 OFFICE,LOC0074552,Office,4,86,1,89,24,3
Compass HQ,2400 (CC2),6th Floor,615 OFFICE,LOC0074551,Office,5,89,3,86,24,2
Compass HQ,2400 (CC2),6th Floor,616 OFFICE,LOC0074555,Office,4,93,2,100,24,2
Compass HQ,2400 (CC2),6th Floor,617 OFFICE,LOC0074592,Office,3,94,3,91,24,0
Compass HQ,2400 (CC2),6th Floor,618 OFFICE,LOC0074559,Office,2,98,4,93,24,-2
Compass HQ,2400 (CC2),6th Floor,619 OFFICE,LOC0074576,Office,4,93,4,88,24,0
Compass HQ,2400 (CC2),6th Floor,620 OFFICE,LOC0074605,Office,1,87,4,91,24,-3
Compass HQ,2400 (CC2),6th Floor,6200-6226 OPEN OFFICE,LOC0074594,Office Area,1,75,4,80,24,-3
Compass HQ,2400 (CC2),6th Floor,621 OFFICE,LOC0074563,Office,2,90,3,91,24,-1
Compass HQ,2400 (CC2),6th Floor,622 OFFICE,LOC0074561,Office,1,86,2,86,24,-1
Compass HQ,2400 (CC2),6th Floor,6225 & 6227 OFFICE SPACE,LOC0074566,Office Area,18,86,4,99,24,14
Compass HQ,2400 (CC2),6th Floor,6228-6235 OFFICE SPACE,LOC0074564,Office Area,8,95,1,90,24,7
Compass HQ,2400 (CC2),6th Floor,623 OFFICE,LOC0074603,Office,5,95,5,95,24,0
Compass HQ,2400 (CC2),6th Floor,6233 & 6235 OFFICE SPACE,LOC0074609,Office Area,4,75,25,89,24,-21
Compass HQ,2400 (CC2),6th Floor,6236-6247 OPEN OFFICE,LOC0074547,Office Area,14,81,8,85,24,6
Compass HQ,2400 (CC2),6th Floor,624 PRINT/COPY,LOC0074606,Printer/Copier Area,9,81,2,79,24,7
Compass HQ,2400 (CC2),6th Floor,625 CONFERENCE,LOC0074548,Small Conf/Phone/Collab/Enclave,4,82,4,87,8,0
Compass HQ,2400 (CC2),6th Floor,626 STORAGE,LOC0074610,Storage,26,91,28,95,24,-2
Compass HQ,2400 (CC2),6th Floor,627 OFFICE,LOC0074568,Office,1,92,5,88,24,-4
Compass HQ,2400 (CC2),6th Floor,628 OFFICE,LOC0074608,Office,3,91,2,88,24,1
Compass HQ,2400 (CC2),6th Floor,629 OFFICE,LOC0074544,Office,4,90,4,100,24,0
Compass HQ,2400 (CC2),6th Floor,630 OFFICE,LOC0074580,Office,3,99,5,100,24,-2
Compass HQ,2400 (CC2),6th Floor,6300-6301 OFFICE HALLWAY,LOC0074546,Hallway,12,98,4,81,24,8
Compass HQ,2400 (CC2),6th Floor,6300-6301 OPEN OFFICE,LOC0074535,Office Area,20,98,30,96,24,-10
Compass HQ,2400 (CC2),6th Floor,6302-6303 OFFICE SPACE,LOC0074556,Office Area,7,84,21,83,24,-14
Compass HQ,2400 (CC2),6th Floor,631 OFFICE,LOC0074543,Office,5,87,2,97,24,3
Compass HQ,2400 (CC2),6th Floor,632 OFFICE,LOC0074545,Office,3,85,4,100,24,-1
Compass HQ,2400 (CC2),6th Floor,633 OFFICE,LOC0074582,Office,2,100,2,100,24,0
Compass HQ,2400 (CC2),6th Floor,634 OFFICE,LOC0074541,Office,5,91,3,87,24,2
Compass HQ,2400 (CC2),6th Floor,635 STORAGE,LOC0074581,Storage,25,98,1,84,24,24
Compass HQ,2400 (CC2),6th Floor,636 HUDDLE ROOM,LOC0074578,Small Conf/Phone/Collab/Enclave,1,73,3,81,8,-2
Compass HQ,2400 (CC2),6th Floor,637 KITCHEN,LOC0074585,Kitchen,6,97,7,79,24,-1
Compass HQ,2400 (CC2),6th Floor,638 STORAGE,LOC0074549,Storage,22,83,29,94,24,-7
Compass HQ,2400 (CC2),6th Floor,639 BOARDROOM,LOC0074591,Conference Room,9,85,1,87,4,8
Compass HQ,2400 (CC2),6th Floor,640 SECURITY,LOC0074597,Reception/Security Desk,15,72,19,95,24,-4
Compass HQ,2400 (CC2),6th Floor,6400-6426 OPEN OFFICE,LOC0074590,Office Area,23,97,19,100,24,4
Compass HQ,2400 (CC2),6th Floor,641 EXECUTIVE GUEST WAITING AREA,LOC0074553,Lobby,16,73,23,84,24,-7
Compass HQ,2400 (CC2),6th Floor,642 CONFERENCE ROOM,LOC0074539,Conference Room,10,90,5,85,4,5
Compass HQ,2400 (CC2),6th Floor,643 OFFICE,LOC0074542,Office,4,98,1,95,24,3
Compass HQ,2400 (CC2),6th Floor,644 OFFICE,LOC0074579,Office,3,95,1,88,24,2
Compass HQ,2400 (CC2),6th Floor,645 OFFICE,LOC0074538,Office,3,99,2,99,24,1
Compass HQ,2400 (CC2),6th Floor,646 OFFICE,LOC0074540,Office,1,92,2,97,24,-1
Compass HQ,2400 (CC2),6th Floor,647 EXECUTIVE LOUNGE,LOC0074571,Private Lounge,19,84,8,78,24,11
Compass HQ,2400 (CC2),6th Floor,648 STORAGE,LOC0074586,Storage,6,77,17,81,24,-11
Compass HQ,2400 (CC2),6th Floor,649 HUDDLE ROOM,LOC0074574,Small Conf/Phone/Collab/Enclave,2,75,3,97,8,-1
Compass HQ,2400 (CC2),6th Floor,650 HR LIBRARY,LOC0074537,Storage,25,93,29,83,24,-4
Compass HQ,2400 (CC2),6th Floor,651 FOCUS ROOM,LOC0074570,Small Conf/Phone/Collab/Enclave,2,98,2,98,8,0
Compass HQ,2400 (CC2),6th Floor,652 PHONE ROOM,LOC0074533,Small Conf/Phone/Collab/Enclave,2,70,1,75,8,1
Compass HQ,2400 (CC2),6th Floor,653 COPIER/PRINTER AREA,LOC0074572,Printer/Copier Area,17,75,15,89,24,2
Compass HQ,2400 (CC2),6th Floor,654 OFFICE,LOC0074573,Office,5,85,1,93,24,4
Compass HQ,2400 (CC2),6th Floor,655 OFFICE,LOC0074534,Office,3,94,3,89,24,0
Compass HQ,2400 (CC2),6th Floor,656 OFFICE,LOC0074587,Office,3,94,3,94,24,0
Compass HQ,2400 (CC2),6th Floor,657 OFFICE,LOC0074536,Office,5,92,5,91,24,0
Compass HQ,2400 (CC2),6th Floor,658 OFFICE,LOC0074575,Office,1,97,2,96,24,-1
Compass HQ,2400 (CC2),6th Floor,659 OFFICE,LOC0074532,Office,1,98,1,85,24,0
Compass HQ,2400 (CC2),6th Floor,660 OFFICE,LOC0074569,Office,3,97,1,96,24,2
Compass HQ,2400 (CC2),6th Floor,661 OFFICE,LOC0074588,Office,3,93,4,87,24,-1
Compass HQ,2400 (CC2),6th Floor,662 OFFICE,LOC0074598,Office,4,93,1,90,24,3
Compass HQ,2400 (CC2),6th Floor,663 OFFICE,LOC0074557,Office,2,99,5,97,24,-3
Compass HQ,2400 (CC2),6th Floor,664 OFFICE,LOC0074577,Office,4,85,2,90,24,2
Compass HQ,2400 (CC2),6th Floor,ELEVATOR 1,LOC0074562,Elevator,4,97,2,88,4,2
Compass HQ,2400 (CC2),6th Floor,ELEVATOR 2,LOC0074604,Elevator,6,89,3,92,4,3
Compass HQ,2400 (CC2),6th Floor,ELEVATOR 3,LOC0074558,Elevator,6,90,3,96,4,3
Compass HQ,2400 (CC2),6th Floor,HALLWAY- CENTRAL,LOC0074596,Hallway,24,81,26,90,24,-2
Compass HQ,2400 (CC2),6th Floor,HALLWAY-NORTH,LOC0074567,Hallway,21,88,13,94,24,8
Compass HQ,2400 (CC2),6th Floor,HALLWAY-SOUTH,LOC0074583,Hallway,29,80,7,92,24,22
Compass HQ,2400 (CC2),Grounds,Grounds,LOC0073800,Grounds,30,74,28,97,24,2
Compass HQ,2400 (CC2),Roof,Roof,LOC0073799,Roof,8,89,5,82,24,3
Compass HQ,Parking Garage,Garage,1st Floor,LOC0077510,Parking Area,6,86,16,98,24,-10
Compass HQ,Parking Garage,Garage,2nd Floor,LOC0077511,Parking Area,21,93,19,75,24,2
Compass HQ,Parking Garage,Garage,3rd Floor,LOC0077512,Parking Area,21,91,12,82,24,9
Compass HQ,Parking Garage,Garage,Grounds,LOC0077524,Grounds,28,88,1,98,24,27
